#id (do not edit)                ,enabled / disabled,caliber in mm,sub-name,country override (several),ship type override (several),"model, grade N","scaling, grade N","scaling, grade N",,,,,,,,,,,,,,,,,,,,,,,,,,,,,,,,
@name,enabled,#mm,subName,countries,shipTypes,model_1,scale_1,max_scale_1,weight_modifier_1,caliber_length_modifier_1,model_2,scale_2,max_scale_2,weight_modifier_2,caliber_length_modifier_2,model_3,scale_3,max_scale_3,weight_modifier_3,caliber_length_modifier_3,model_4,scale_4,max_scale_4,weight_modifier_4,caliber_length_modifier_4,model_5,scale_5,max_scale_5,weight_modifier_5,caliber_length_modifier_5,#,#2,#3,#4,#5,#6,#7,#8,#9,#10
default,1,,,,,,-1,-1,1,40,,-1,-1,1,45,,-1,-1,1,45,,-1,-1,1,50,,-1,-1,1,50,,,,,,,,,,
###,,,###,,,,,,,,,,,,,,,,,,,,,,,,,,,,,,,,,,,,,
gun_2_x1_alt,,51,gun_2_x1_alt,,,small_gun_a_51_x1,1.75,1.9,0.92,40,small_gun_b_51_x1,1.75,1.9,0.92,45,jap_tb_gun_76_x1,1.3,1.5,0.92,50,iowa_gun_127_x1,0.81,0.91,0.92,55,iowa_gun_127_x1,0.81,0.91,0.92,55,,,,,,,,,,
gun_2_x2_alt,,51,gun_2_x2_alt,,,maine_gun_152_x2,0.664,0.798,0.7,40,spee_gun_150_x2,0.71,0.8,0.7,45,spee_gun_150_x2,0.71,0.8,0.7,50,iowa_gun_127_x2,0.81,0.91,0.7,55,iowa_gun_127_x2,0.81,0.91,0.7,55,,,,,,,,,,
gun_2_x3_alt,,51,gun_2_x3_alt,,,maine_gun_152_x3,0.664,0.798,0.55,40,spee_gun_150_x3,0.71,0.8,0.55,45,spee_gun_150_x3,0.71,0.8,0.55,50,iowa_gun_127_x3,0.81,0.91,0.55,55,iowa_gun_127_x3,0.81,0.91,0.55,55,,,,,,,,,,
gun_2_x4_alt,,51,gun_2_x4_alt,,,pompom_gun_a_x4,1,1.09,0.5,50,pompom_gun_a_x4,1,1.09,0.5,55,pompom_gun_a_x4,1,1.09,0.5,55,pompom_gun_a_x4,1,1.09,0.5,55,pompom_gun_a_x4,1,1.09,0.5,60,,,,,,,,,,
gun_3_x1_alt,,76,gun_3_x1_alt,,,brandenburg_gun_76_x1,1.074,1.246,1,,jap_tb_gun_76_x1,1.59,1.78,1,,jap_tb_gun_76_x1,1.59,1.78,1,,iowa_gun_127_x1,1.03,1.126,1,50,iowa_gun_127_x1,1.03,1.126,1,55,,,,,,,,,,
gun_3_x2_alt,,76,gun_3_x2_alt,,,maine_gun_152_x2,0.788,0.962,1.08,,spee_gun_150_x2,0.825,0.945,1.08,,spee_gun_150_x2,0.825,0.945,1.08,,iowa_gun_127_x2,1.03,1.126,1.08,50,iowa_gun_127_x2,1.03,1.126,1.08,55,,,,,,,,,,
gun_3_x3_alt,,76,gun_3_x3_alt,,,maine_gun_152_x3,0.788,0.962,0.83,,spee_gun_150_x3,0.825,0.945,0.83,,spee_gun_150_x3,0.825,0.945,0.83,,iowa_gun_127_x3,1.03,1.126,0.83,50,iowa_gun_127_x3,1.03,1.126,0.83,55,,,,,,,,,,
gun_3_x4_alt,,76,gun_3_x4_alt,,,pompom_gun_a_x4,1.1,1.19,0.74,45,pompom_gun_a_x4,1.1,1.19,0.74,50,pompom_gun_a_x4,1.1,1.19,0.74,55,pompom_gun_a_x4,1.1,1.19,0.74,55,pompom_gun_a_x4,1.1,1.19,0.74,55,,,,,,,,,,
gun_4_x1_alt,,102,gun_4_x1_alt,,,brandenburg_gun_76_x1,1.231,1.403,1.1,,jap_tb_gun_76_x1,1.81,2,1.1,,jap_tb_gun_76_x1,1.81,2,1.1,,dd_s_gun_b_102_x1,1.325,1.445,1.1,,dd_s_gun_b_102_x1,1.325,1.445,1.1,,,,,,,,,,,
gun_4_x2_alt,,102,gun_4_x2_alt,,,maine_gun_152_x2,0.982,1.176,1.28,,spee_gun_150_x2,1.015,1.1,1.28,,spee_gun_150_x2,1.015,1.1,1.28,,qe_gun_114_x2,0.868,0.994,1.28,,qe_gun_114_x2,0.868,0.994,1.28,,,,,,,,,,,
gun_4_x3_alt,,102,gun_4_x3_alt,,,maine_gun_152_x3,0.982,1.176,1,,spee_gun_150_x3,1.015,1.1,1,,spee_gun_150_x3,1.015,1.1,1,,pola_gun_100_x3,1.068,1.194,1,,atl_gun_125_x3,0.868,0.994,1,,,,,,,,,,,
gun_5_x1_alt,,127,gun_5_x1_alt,,,dd_s_gun_d_102_x1,1.45,1.57,0.85,,dd_s_gun_d_102_x1,1.45,1.57,0.85,,dd_s_gun_c_102_x1,1.45,1.57,0.85,,dd_s_gun_b_102_x1,1.45,1.57,0.85,,dd_s_gun_b_102_x1,1.45,1.57,0.85,,,,,,,,,,,
gun_5_x2_alt,,127,gun_5_x2_alt,,,maine_gun_152_x2,1.186,1.34,0.95,,maine_gun_152_x2,1.186,1.34,0.95,,dreadnought_gun_178_x2,1.004,1.13,0.95,,pola_gun_100_x2,1.004,1.13,0.95,,atl_gun_125_x2,1.004,1.13,0.95,,,,,,,,,,,
gun_5_x3_alt,,127,gun_5_x3_alt,,,maine_gun_152_x3,1.186,1.34,0.75,,maine_gun_152_x3,1.186,1.34,0.75,,dreadnought_gun_178_x3,1.004,1.13,0.75,,pola_gun_100_x3,1.004,1.13,0.75,,atl_gun_125_x3,1.004,1.13,0.75,,,,,,,,,,,
gun_6_x1_alt,,152,gun_6_x1_alt,,,dd_s_gun_d_102_x1,1.345,1.4805,0.75,45,dd_s_gun_c_102_x1,1.345,1.4805,0.75,45,dd_s_gun_c_102_x1,1.345,1.4805,0.75,50,dd_s_gun_b_102_x1,1.345,1.4805,0.75,50,dd_s_gun_b_102_x1,1.345,1.4805,0.75,50,,,,,,,,,,
gun_6_x2_alt,,152,gun_6_x2_alt,,,tsesarevich_gun_152_x2,0.955,1.0895,0.86,,dreadnought_gun_178_x2,1.14,1.266,0.86,,dreadnought_gun_178_x2,1.14,1.266,0.86,,dido_gun_cal133_x2,1.14,1.266,0.86,,yamato_gun_155_x2,0.7772,0.8808,0.86,,,,,,,,,,,
gun_6_x3_alt,,152,gun_6_x3_alt,,,tsesarevich_gun_152_x3,0.955,1.0895,0.66,,dreadnought_gun_178_x3,1.14,1.266,0.66,,dreadnought_gun_178_x3,1.14,1.266,0.66,,dido_gun_cal133_x3,1.14,1.266,0.66,,yamato_gun_155_x3,0.7772,0.8808,0.66,,,,,,,,,,,
gun_7_x2_alt,,178,gun_7_x2_alt,,,tsesarevich_gun_152_x2,1.1095,1.244,0.9,,dreadnought_gun_178_x2,1.276,1.402,0.9,,dreadnought_gun_178_x2,1.276,1.402,0.9,,mont_gun_152_x2,1.057,1.167,0.9,,british_adv_cruiser_152_gun_x2,0.958,1.01,0.9,,,,,,,,,,,
gun_7_x3_alt,,178,gun_7_x3_alt,,,tsesarevich_gun_152_x3,1.1095,1.244,0.705,,dreadnought_gun_178_x3,1.276,1.402,0.705,,dreadnought_gun_178_x3,1.276,1.402,0.705,,mont_gun_152_x3,1.057,1.167,0.705,,british_adv_cruiser_152_gun_x3,0.958,1.01,0.705,,,,,,,,,,,
gun_8_x2_alt,,203,gun_8_x2_alt,,,friedrich_gun_228_x2,0.8194,0.8976,0.88,,agamemnon_gun_228_x2,1.0184,1.1311,0.88,,nelson_gun_152_x2,1.1544,1.2626,0.88,,mont_gun_152_x2,1.184,1.294,0.88,,british_adv_cruiser_152_gun_x2,1.05,1.237,0.88,,,,,,,,,,,
gun_8_x3_alt,,203,gun_8_x3_alt,,,friedrich_gun_228_x3,0.8194,0.8976,0.69,,agamemnon_gun_228_x3,1.0184,1.1311,0.69,,nelson_gun_152_x3,1.1544,1.2626,0.69,,mont_gun_152_x3,1.184,1.294,0.69,,british_adv_cruiser_152_gun_x3,1.05,1.237,0.69,,,,,,,,,,,
gun_9_x2_alt,,229,gun_9_x2_alt,,,friedrich_gun_228_x2,0.9076,0.9858,0.82,,agamemnon_gun_228_x2,1.1411,1.2538,0.82,,nelson_gun_152_x2,1.2726,1.3808,0.82,,mont_gun_152_x2,1.311,1.421,0.82,,british_adv_cruiser_152_gun_x2,1.037,1.136,0.82,,,,,,,,,,,
gun_9_x3_alt,,229,gun_9_x3_alt,,,friedrich_gun_228_x3,0.9076,0.9858,0.64,,agamemnon_gun_228_x3,1.1411,1.2538,0.64,,nelson_gun_152_x3,1.2726,1.3808,0.64,,mont_gun_152_x3,1.311,1.421,0.64,,british_adv_cruiser_152_gun_x3,1.037,1.136,0.64,,,,,,,,,,,
gun_10_x2_alt,,254,gun_10_x2_alt,,,brandenburg_gun_279_x2,0.979,1.06,0.9,,dreadnought_gun_b_305_x2,0.954,1.035,0.9,,nelson_gun_406_x2,0.6908,0.754,0.9,,kgeorge_gun_380_x2,0.675,0.7275,0.9,,richelieu_gun_380_x2,0.675,0.7275,0.9,,,,,,,,,,,
gun_10_x3_alt,,254,gun_10_x3_alt,,,brandenburg_gun_279_x3,0.979,1.06,0.68,,dreadnought_gun_b_305_x3,0.954,1.035,0.68,,nelson_gun_406_x3,0.6908,0.754,0.68,,kgeorge_gun_380_x3,0.675,0.7275,0.68,,richelieu_gun_380_x3,0.675,0.7275,0.68,,,,,,,,,,,
gun_11_x2_alt,,279,gun_11_x2_alt,,,brandenburg_gun_279_x2,1.07,1.151,0.82,,dreadnought_gun_b_305_x2,1.045,1.126,0.82,,nelson_gun_406_x2,0.759,0.8222,0.82,,kgeorge_gun_380_x2,0.7375,0.79,0.82,,richelieu_gun_380_x2,0.7375,0.79,0.82,,,,,,,,,,,
gun_11_x3_alt,,279,gun_11_x3_alt,,,brandenburg_gun_279_x3,1.07,1.151,0.66,,dreadnought_gun_b_305_x3,1.045,1.126,0.66,,nelson_gun_406_x3,0.759,0.8222,0.66,,kgeorge_gun_380_x3,0.7375,0.79,0.66,,richelieu_gun_380_x3,0.7375,0.79,0.66,,,,,,,,,,,
gun_12_x2_alt,,305,gun_12_x2_alt,,,agamemnon_gun_b_305_x2,1.136,1.217,0.82,,dreadnought_gun_b_305_x2,1.136,1.217,0.82,,nelson_gun_406_x2,0.8272,0.8904,0.82,,kgeorge_gun_380_x2,0.8,0.8525,0.82,,richelieu_gun_380_x2,0.8,0.8525,0.82,,,,,,,,,,,
gun_12_x3_alt,,305,gun_12_x3_alt,,,agamemnon_gun_b_305_x3,1.136,1.217,0.66,,dreadnought_gun_b_305_x3,1.136,1.217,0.66,,nelson_gun_406_x3,0.8272,0.8904,0.66,,kgeorge_gun_380_x3,0.8,0.8525,0.66,,richelieu_gun_380_x3,0.8,0.8525,0.66,,,,,,,,,,,
gun_13_x2_alt,,330,gun_13_x2_alt,,,agamemnon_gun_b_305_x2,1.227,1.308,0.88,,dreadnought_gun_b_305_x2,1.227,1.308,0.88,,nelson_gun_406_x2,0.8954,0.9586,0.88,,kgeorge_gun_380_x2,0.8625,0.915,0.88,,richelieu_gun_380_x2,0.8625,0.915,0.88,,,,,,,,,,,
gun_13_x3_alt,,330,gun_13_x3_alt,,,agamemnon_gun_b_305_x3,1.227,1.308,0.705,,dreadnought_gun_b_305_x3,1.227,1.308,0.705,,nelson_gun_406_x3,0.8954,0.9586,0.705,,kgeorge_gun_380_x3,0.8625,0.915,0.705,,richelieu_gun_380_x3,0.8625,0.915,0.705,,,,,,,,,,,
gun_14_x2_alt,,356,gun_14_x2_alt,,,agamemnon_gun_b_305_x2,1.318,1.399,0.88,,dreadnought_gun_b_305_x2,1.318,1.399,0.88,,nelson_gun_406_x2,0.9636,1.0268,0.88,,kgeorge_gun_380_x2,0.925,0.9775,0.88,,richelieu_gun_380_x2,0.925,0.9775,0.88,,,,,,,,,,,
gun_14_x3_alt,,356,gun_14_x3_alt,,,agamemnon_gun_b_305_x3,1.318,1.399,0.705,,dreadnought_gun_b_305_x3,1.318,1.399,0.705,,nelson_gun_406_x3,0.9636,1.0268,0.705,,kgeorge_gun_380_x3,0.925,0.9775,0.705,,richelieu_gun_380_x3,0.925,0.9775,0.705,,,,,,,,,,,
gun_15_x2_alt,,381,gun_15_x2_alt,,,agamemnon_gun_b_305_x2,1.409,1.49,0.9,,dreadnought_gun_b_305_x2,1.409,1.49,0.9,,nelson_gun_406_x2,1.0318,1.095,0.9,,richelieu_gun_380_x2,0.9875,1.04,0.9,,richelieu_gun_380_x2,0.9875,1.04,0.9,,,,,,,,,,,
gun_15_x3_alt,,381,gun_15_x3_alt,,,agamemnon_gun_b_305_x3,1.409,1.49,0.72,,dreadnought_gun_b_305_x3,1.409,1.49,0.72,,nelson_gun_406_x3,1.0318,1.095,0.72,,richelieu_gun_380_x3,0.9875,1.04,0.72,,richelieu_gun_380_x3,0.9875,1.04,0.72,,,,,,,,,,,
gun_16_x2_alt,,406,gun_16_x2_alt,,,agamemnon_gun_b_305_x2,1.5,1.581,0.93,,dreadnought_gun_b_305_x2,1.5,1.581,0.93,,nelson_gun_406_x2,1.1,1.1632,0.93,,richelieu_gun_380_x2,1.05,1.1025,0.93,,richelieu_gun_380_x2,1.05,1.1025,0.93,,,,,,,,,,,
gun_16_x3_alt,,406,gun_16_x3_alt,,,agamemnon_gun_b_305_x3,1.5,1.581,0.75,,dreadnought_gun_b_305_x3,1.5,1.581,0.75,,nelson_gun_406_x3,1.1,1.1632,0.75,,richelieu_gun_380_x3,1.05,1.1025,0.75,,richelieu_gun_380_x3,1.05,1.1025,0.75,,,,,,,,,,,
gun_17_x2_alt,,432,gun_17_x2_alt,,,nelson_gun_406_x2,1.1682,1.2314,0.95,,kgeorge_gun_380_x2,1.1125,1.165,0.95,,richelieu_gun_380_x2,1.1125,1.165,0.95,,richelieu_gun_380_x2,1.1125,1.165,0.95,,richelieu_gun_380_x2,1.1125,1.165,0.95,,,,,,,,,,,
gun_17_x3_alt,,432,gun_17_x3_alt,,,nelson_gun_406_x3,1.1682,1.2314,0.775,,kgeorge_gun_380_x3,1.1125,1.165,0.775,,richelieu_gun_380_x3,1.1125,1.165,0.775,,richelieu_gun_380_x3,1.1125,1.165,0.775,,richelieu_gun_380_x3,1.1125,1.165,0.775,,,,,,,,,,,
gun_18_x2_alt,,457,gun_18_x2_alt,,,nelson_gun_406_x2,1.2364,1.2996,0.985,,kgeorge_gun_380_x2,1.175,1.2275,0.985,,richelieu_gun_380_x2,1.175,1.2275,0.985,,richelieu_gun_380_x2,1.175,1.2275,0.985,,richelieu_gun_380_x2,1.175,1.2275,0.985,,,,,,,,,,,
gun_18_x3_alt,,457,gun_18_x3_alt,,,nelson_gun_406_x3,1.2364,1.2996,0.81,,kgeorge_gun_380_x3,1.175,1.2275,0.81,,richelieu_gun_380_x3,1.175,1.2275,0.81,,richelieu_gun_380_x3,1.175,1.2275,0.81,,richelieu_gun_380_x3,1.175,1.2275,0.81,,,,,,,,,,,
gun_19_x2_alt,,483,gun_19_x2_alt,,,nelson_gun_406_x2,1.3046,1.3678,0.95,40,kgeorge_gun_380_x2,1.2375,1.29,0.95,45,richelieu_gun_380_x2,1.2375,1.29,0.95,45,richelieu_gun_380_x2,1.2375,1.29,0.95,45,richelieu_gun_380_x2,1.2375,1.29,0.95,50,,,,,,,,,,
gun_19_x3_alt,,483,gun_19_x3_alt,,,nelson_gun_406_x3,1.3046,1.3678,0.78,40,kgeorge_gun_380_x3,1.2375,1.29,0.78,45,richelieu_gun_380_x3,1.2375,1.29,0.78,45,richelieu_gun_380_x3,1.2375,1.29,0.78,45,richelieu_gun_380_x3,1.2375,1.29,0.78,50,,,,,,,,,,
gun_20_x2_alt,,508,gun_20_x2_alt,,,nelson_gun_406_x2,1.3728,1.436,0.85,40,kgeorge_gun_380_x2,1.3,1.3525,0.85,45,richelieu_gun_380_x2,1.3,1.3525,0.85,45,richelieu_gun_380_x2,1.3,1.3525,0.85,45,richelieu_gun_380_x2,1.3,1.3525,0.85,50,,,,,,,,,,
gun_20_x3_alt,,508,gun_20_x3_alt,,,nelson_gun_406_x3,1.3728,1.436,0.7,40,kgeorge_gun_380_x3,1.3,1.3525,0.7,45,richelieu_gun_380_x3,1.3,1.3525,0.7,45,richelieu_gun_380_x3,1.3,1.3525,0.7,45,richelieu_gun_380_x3,1.3,1.3525,0.7,50,,,,,,,,,,
###,,,###,,,,,,,,,,,,,,,,,,,,,,,,,,,,,,,,,,,,,
gun_2_x1_alt_germany,,51,gun_2_x1_alt,germany,,small_gun_f_51_x1,1.75,1.9,,,small_gun_g_51_x1,1.75,1.9,,,,,,,,,,,,55,iowa_gun_127_x1,0.81,0.91,,55,,,,,,,,,,
gun_2_x2_alt_germany,,51,gun_2_x2_alt,germany,,,,,,,,,,,,,,,,,,,,,55,iowa_gun_127_x2,0.81,0.91,,55,,,,,,,,,,
gun_2_x3_alt_germany,,51,gun_2_x3_alt,germany,,,,,,,,,,,,,,,,,,,,,55,iowa_gun_127_x3,0.81,0.91,,55,,,,,,,,,,
gun_2_x4_alt_germany,,51,gun_2_x4_alt,germany,,,,,,,,,,,,,,,,,,,,,,,,,,,,,,,,,,,,
gun_3_x1_alt_germany,,76,gun_3_x1_alt,germany,,,,,,,,,,,,dd_s_gun_d_102_x1,1.155,1.29,,,dd_s_gun_b_102_x1,1.155,1.29,,50,spee_gun_150_x1,0.744,0.87,,55,,,,,,,,,,
gun_3_x2_alt_germany,,76,gun_3_x2_alt,germany,,,,,,,vdt_gun_200_x2,0.6668,0.7668,,,spee_gun_150_x2,0.744,0.87,,,spee_gun_150_x2,0.744,0.87,,50,spee_gun_150_x2,0.835,0.945,,55,,,,,,,,,,
gun_3_x3_alt_germany,,76,gun_3_x3_alt,germany,,,,,,,,,,,,spee_gun_150_x3,0.744,0.87,,,spee_gun_150_x3,0.744,0.87,,50,spee_gun_150_x3,0.835,0.945,,55,,,,,,,,,,
gun_3_x4_alt_germany,,76,gun_3_x4_alt,germany,,,,,,,,,,,,,,,,,,,,,,,,,,,,,,,,,,,,
gun_4_x1_alt_germany,,102,gun_4_x1_alt,germany,,,,,,,,,,,,spee_gun_150_x1,0.874,1,,,spee_gun_150_x1,0.874,1,,,spee_gun_150_x1,0.874,1,,,,,,,,,,,,
gun_4_x2_alt_germany,,102,gun_4_x2_alt,germany,,,,,,,vdt_gun_200_x2,0.7632,0.8632,,,spee_gun_150_x2,0.874,1,,,spee_gun_150_x2,0.874,1,,,spee_gun_150_x2,0.874,1,,,,,,,,,,,,
gun_4_x3_alt_germany,,102,gun_4_x3_alt,germany,,,,,,,,,,,,spee_gun_150_x3,0.874,1,,,spee_gun_150_x3,0.874,1,,,spee_gun_150_x3,0.874,1,,,,,,,,,,,,
gun_5_x1_alt_germany_cl,,127,gun_5_x1_alt,germany,cl,,,,,,,,,,,bismarck_gun_105_x1,1.004,1.13,,,spee_gun_150_x1,1.004,1.13,,,spee_gun_150_x1,1.004,1.13,,,,,,,,,,,,
gun_5_x2_alt_germany_cl,,127,gun_5_x2_alt,germany,cl,,,,,,vdt_gun_200_x2,0.8746,0.9746,,,bismarck_gun_b_150_x2,0.8005,0.935,,,bismarck_gun_150_x2,0.8005,0.935,,,bismarck_gun_b_150_x2,0.8005,0.935,,,,,,,,,,,,
gun_5_x3_alt_germany_cl,,127,gun_5_x3_alt,germany,cl,,,,,,,,,,,bismarck_gun_b_150_x3,0.8005,0.935,,,bismarck_gun_150_x3,0.8005,0.935,,,bismarck_gun_b_150_x3,0.8005,0.935,,,,,,,,,,,,
gun_5_x1_alt_germany,,127,gun_5_x1_alt,germany,"tb, dd, ca, bc, bb",,,,,,,,,,,bismarck_gun_105_x1,1.004,1.13,,,spee_gun_150_x1,1.004,1.13,,,spee_gun_150_x1,1.004,1.13,,,,,,,,,,,,
gun_5_x2_alt_germany,,127,gun_5_x2_alt,germany,"tb, dd, ca, bc, bb",,,,,,vdt_gun_200_x2,0.8746,0.9746,,,bismarck_gun_b_150_x2,0.8005,0.935,,,bismarck_gun_150_x2,0.8005,0.935,,,bismarck_gun_b_150_x2,0.8005,0.935,,,,,,,,,,,,
gun_5_x3_alt_germany,,127,gun_5_x3_alt,germany,"tb, dd, ca, bc, bb",,,,,,,,,,,bismarck_gun_b_150_x3,0.8005,0.935,,,bismarck_gun_150_x3,0.8005,0.935,,,bismarck_gun_b_150_x3,0.8005,0.935,,,,,,,,,,,,
gun_6_x1_alt_germany,,151,gun_6_x1_alt,germany,,,,,,,,,,,,,,,,,,,,,,,,,,,,,,,,,,,,
gun_6_x2_alt_germany,,152,gun_6_x2_alt,germany,,,,,,,vdt_gun_200_x2,0.986,1.086,,,bismarck_gun_150_x2,0.955,1.0895,,,bismarck_gun_150_x2,0.955,1.0895,,,bismarck_gun_b_150_x2,0.955,1.0895,,,,,,,,,,,,
gun_6_x3_alt_germany,,152,gun_6_x3_alt,germany,,,,,,,,,,,,bismarck_gun_150_x3,0.955,1.0895,,,bismarck_gun_150_x3,0.955,1.0895,,,bismarck_gun_b_150_x3,0.955,1.0895,,,,,,,,,,,,
gun_7_x2_alt_germany,,178,gun_7_x2_alt,germany,,,,,,,vdt_gun_200_x2,1.0974,1.1974,,,bismarck_gun_150_x2,1.1095,1.244,,,bismarck_gun_150_x2,1.1095,1.244,,,bismarck_gun_b_150_x2,1.1095,1.244,,,,,,,,,,,,
gun_7_x3_alt_germany,,178,gun_7_x3_alt,germany,,,,,,,,,,,,bismarck_gun_150_x3,1.1095,1.244,,,bismarck_gun_150_x3,1.1095,1.244,,,bismarck_gun_b_150_x3,1.1095,1.244,,,,,,,,,,,,
gun_8_x2_alt_germany,,203,gun_8_x2_alt,germany,,,,,,,vdt_gun_280_x2,0.7622,0.8413,,,spee_gun_280_x2_a,0.6816,0.7489,,,bismarck_gun_380_short_x2,0.6473,0.7064,,,spee_gun_280_x2_a,0.6816,0.7489,,,,,,,,,,,,
gun_8_x3_alt_germany,,203,gun_8_x3_alt,germany,,,,,,,,,,,,spee_gun_280_x3_a,0.6816,0.7489,,,bismarck_gun_380_short_x3,0.6473,0.7064,,,bismarck_gun_380_x3,0.5912,0.6448,,,,,,,,,,,,
gun_9_x2_alt_germany,,229,gun_9_x2_alt,germany,,brandenburg_gun_279_x2,0.888,0.969,,,vdt_gun_280_x2,0.8513,0.9304,,,spee_gun_280_x2_a,0.7589,0.8262,,,bismarck_gun_380_short_x2,0.7164,0.7755,,,spee_gun_280_x2_a,0.7589,0.8262,,,,,,,,,,,,
gun_9_x3_alt_germany,,229,gun_9_x3_alt,germany,,brandenburg_gun_279_x3,0.888,0.969,,,,,,,,spee_gun_280_x3_a,0.7589,0.8262,,,bismarck_gun_380_short_x3,0.7164,0.7755,,,bismarck_gun_380_x3,0.6548,0.7084,,,,,,,,,,,,
gun_10_x2_alt_germany,,254,gun_10_x2_alt,germany,,friedrich_gun_228_x2,0.9958,1.074,,,vdt_gun_200_x2,1.4316,1.5316,,,spee_gun_280_x2_a,0.8362,0.9035,,,bismarck_gun_380_short_x2,0.7855,0.8446,,,spee_gun_var_280_x2,0.8362,0.9035,,,,,,,,,,,,
gun_10_x3_alt_germany,,254,gun_10_x3_alt,germany,,friedrich_gun_228_x3,0.9958,1.074,,,,,,,,spee_gun_280_x3_a,0.8362,0.9035,,,bismarck_gun_380_short_x3,0.7855,0.8446,,,spee_gun_var_280_x3,0.8362,0.9035,,,,,,,,,,,,
gun_11_x2_alt_germany,,279,gun_11_x2_alt,germany,,friedrich_gun_228_x2,1.084,1.1622,,,vdt_gun_200_x2,1.543,1.643,,,spee_gun_280_x2_a,0.9135,0.9808,,,bismarck_gun_380_short_x2,0.8546,0.9137,,,spee_gun_280_x2_a,0.9135,0.9808,,,,,,,,,,,,
gun_11_x3_alt_germany,,279,gun_11_x3_alt,germany,,friedrich_gun_228_x3,1.084,1.1622,,,,,,,,spee_gun_280_x3_a,0.9135,0.9808,,,bismarck_gun_380_short_x3,0.8546,0.9137,,,bismarck_gun_380_x3,0.782,0.8356,,,,,,,,,,,,
gun_12_x2_alt_germany,,305,gun_12_x2_alt,germany,,brandenburg_gun_279_x2,1.161,1.242,,,vdt_gun_200_x2,1.6544,1.7544,,,spee_gun_280_x2_a,0.9908,1.0581,,,bismarck_gun_380_short_x2,0.9237,0.9828,,45,spee_gun_280_x2_a,0.9908,1.0581,,,,,,,,,,,,
gun_12_x3_alt_germany,,305,gun_12_x3_alt,germany,,brandenburg_gun_279_x3,1.161,1.242,,,,,,,,spee_gun_280_x3_a,0.9908,1.0581,,,bismarck_gun_380_short_x3,0.9237,0.9828,,45,bismarck_gun_380_x3,0.8456,0.8992,,,,,,,,,,,,
gun_13_x2_alt_germany,,330,gun_13_x2_alt,germany,,brandenburg_gun_279_x2,1.252,1.333,,,vdt_gun_200_x2,1.7658,1.8658,,,spee_gun_280_x2_a,1.0681,1.1354,,,bismarck_gun_380_short_x2,0.9928,1.0519,,45,spee_gun_280_x2_a,1.0681,1.1354,,,,,,,,,,,,
gun_13_x3_alt_germany,,330,gun_13_x3_alt,germany,,brandenburg_gun_279_x3,1.252,1.333,,,,,,,,spee_gun_280_x3_a,1.0681,1.1354,,,bismarck_gun_380_short_x3,0.9928,1.0519,,45,bismarck_gun_380_x3,0.9092,0.9628,,,,,,,,,,,,
gun_14_x2_alt_germany,,356,gun_14_x2_alt,germany,,brandenburg_gun_279_x2,1.343,1.424,,,vdt_gun_200_x2,1.8772,1.9772,,,spee_gun_280_x2_a,1.1454,1.2127,,,bismarck_gun_380_short_x2,1.0619,1.121,,45,spee_gun_280_x2_a,1.1454,1.2127,,,,,,,,,,,,
gun_14_x3_alt_germany,,356,gun_14_x3_alt,germany,,brandenburg_gun_279_x3,1.343,1.424,,,,,,,,spee_gun_280_x3_a,1.1454,1.2127,,,bismarck_gun_380_short_x3,1.0619,1.121,,45,bismarck_gun_380_x3,0.9728,1.0264,,,,,,,,,,,,
gun_15_x2_alt_germany,,381,gun_15_x2_alt,germany,,brandenburg_gun_279_x2,1.434,1.515,,,vdt_gun_200_x2,1.9886,2.0886,,,spee_gun_280_x2_a,1.2227,1.29,,,bismarck_gun_380_x2,1.0364,1.09,,45,bismarck_gun_380_short_x2,1.131,1.1901,,,,,,,,,,,,
gun_15_x3_alt_germany,,381,gun_15_x3_alt,germany,,brandenburg_gun_279_x3,1.434,1.515,,,,,,,,spee_gun_280_x3_a,1.2227,1.29,,,bismarck_gun_380_x3,1.0364,1.09,,45,bismarck_gun_380_short_x3,1.131,1.1901,,,,,,,,,,,,
gun_16_x2_alt_germany,,406,gun_16_x2_alt,germany,,brandenburg_gun_279_x2,1.525,1.606,,,vdt_gun_200_x2,2.1,2.2,,,spee_gun_280_x2_a,1.3,1.3673,,,bismarck_gun_380_x2,1.1,1.1536,,45,bismarck_gun_380_short_x2,1.2001,1.2592,,,,,,,,,,,,
gun_16_x3_alt_germany,,406,gun_16_x3_alt,germany,,brandenburg_gun_279_x3,1.525,1.606,,,,,,,,spee_gun_280_x3_a,1.3,1.3673,,,bismarck_gun_380_x3,1.1,1.1536,,45,bismarck_gun_380_short_x3,1.2001,1.2592,,,,,,,,,,,,
gun_17_x2_alt_germany,,432,gun_17_x2_alt,germany,,friedrich_gun_305_x2,1.5613,1.6376,,,vdt_gun_280_x2,1.5641,1.6432,,,spee_gun_280_x2_a,1.3773,1.4446,,,bismarck_gun_380_short_x2,1.2692,1.3283,,45,bismarck_gun_380_short_x2,1.2692,1.3283,,,,,,,,,,,,
gun_17_x3_alt_germany,,432,gun_17_x3_alt,germany,,friedrich_gun_305_x3,1.5613,1.6376,,,vdt_gun_280_x3,1.5641,1.6432,,,spee_gun_280_x3_a,1.3773,1.4446,,,bismarck_gun_380_short_x3,1.2692,1.3283,,45,bismarck_gun_380_short_x3,1.2692,1.3283,,,,,,,,,,,,
gun_18_x2_alt_germany,,457,gun_18_x2_alt,germany,,friedrich_gun_305_x2,1.6476,1.7239,,,vdt_gun_280_x2,1.6532,1.7323,,,spee_gun_280_x2_a,1.4546,1.5219,,,bismarck_gun_380_short_x2,1.3383,1.3974,,45,bismarck_gun_380_short_x2,1.3383,1.3974,,,,,,,,,,,,
gun_18_x3_alt_germany,,457,gun_18_x3_alt,germany,,friedrich_gun_305_x3,1.6476,1.7239,,,vdt_gun_280_x3,1.6532,1.7323,,,spee_gun_280_x3_a,1.4546,1.5219,,,bismarck_gun_380_short_x3,1.3383,1.3974,,45,bismarck_gun_380_short_x3,1.3383,1.3974,,,,,,,,,,,,
gun_19_x2_alt_germany,,483,gun_19_x2_alt,germany,,friedrich_gun_305_x2,1.7423,1.8214,0.95,,vdt_gun_280_x2,1.7423,1.8214,0.95,45,spee_gun_280_x2_a,1.5319,1.5992,0.95,45,bismarck_gun_380_short_x2,1.4074,1.4665,0.95,45,bismarck_gun_380_short_x2,1.4074,1.4665,0.95,50,,,,,,,,,,
gun_19_x3_alt_germany,,483,gun_19_x3_alt,germany,,friedrich_gun_305_x3,1.7423,1.8214,0.78,,vdt_gun_280_x3,1.7423,1.8214,0.78,45,spee_gun_280_x3_a,1.5319,1.5992,0.78,45,bismarck_gun_380_short_x3,1.4074,1.4665,0.78,45,bismarck_gun_380_short_x3,1.4074,1.4665,0.78,50,,,,,,,,,,
gun_20_x2_alt_germany,,508,gun_20_x2_alt,germany,,friedrich_gun_305_x2,1.8314,1.9105,0.85,,vdt_gun_280_x2,1.8314,1.9105,0.85,45,spee_gun_280_x2_a,1.6092,1.6765,0.85,45,bismarck_gun_380_short_x2,1.4765,1.5356,0.85,45,bismarck_gun_380_short_x2,1.4765,1.5356,0.85,50,,,,,,,,,,
gun_20_x3_alt_germany,,508,gun_20_x3_alt,germany,,friedrich_gun_305_x3,1.8314,1.9105,0.7,,vdt_gun_280_x3,1.8314,1.9105,0.7,45,spee_gun_280_x3_a,1.6092,1.6765,0.7,45,bismarck_gun_380_short_x3,1.4765,1.5356,0.7,45,bismarck_gun_380_short_x3,1.4765,1.5356,0.7,50,,,,,,,,,,
###,,,###,,,,,,,,,,,,,,,,,,,,,,,,,,,,,,,,,,,,,
gun_2_x1_alt_britain,,51,gun_2_x1_alt,britain,,small_gun_a_51_x1,1.75,1.9,0.92,,small_gun_a_51_x1,1.75,1.9,0.92,,cressy_gun_76_x1,1.3,1.5,0.92,50,iowa_gun_127_x1,0.71,0.8,0.92,55,iowa_gun_127_x1,0.71,0.8,0.92,55,,,,,,,,,,
gun_2_x2_alt_britain,,51,gun_2_x2_alt,britain,,,,,0.7,,,,,0.7,,,,,0.7,50,richelieu_gun_120_x2,0.596,0.722,0.7,55,richelieu_gun_120_x2,0.596,0.722,0.7,55,,,,,,,,,,
gun_2_x3_alt_britain,,51,gun_2_x3_alt,britain,,,,,0.55,,,,,0.55,,,,,0.55,50,richelieu_gun_120_x3,0.596,0.722,0.55,55,richelieu_gun_120_x3,0.596,0.722,0.55,55,,,,,,,,,,
gun_2_x4_alt_britain,,51,gun_2_x4_alt,britain,,,,,,,,,,,,,,,,,,,,,,,,,,,,,,,,,,,,
gun_3_x1_alt_britain,,76,gun_3_x1_alt,britain,,,,,1,,,,,1,,jap_tb_gun_76_x1,1.59,1.78,1,,iowa_gun_127_x1,0.81,0.9,1,50,moga_gun_127_x1,1.03,1.126,1,55,,,,,,,,,,
gun_3_x2_alt_britain,,76,gun_3_x2_alt,britain,,,,,1.08,,,,,1.08,,,,,1.08,,richelieu_gun_120_x2,0.732,0.858,1.08,50,moga_gun_127_x2,1.03,1.126,1.08,55,,,,,,,,,,
gun_3_x3_alt_britain,,76,gun_3_x3_alt,britain,,,,,0.83,,,,,0.83,,,,,0.83,,richelieu_gun_120_x3,0.732,0.858,0.83,50,moga_gun_127_x3,1.03,1.126,0.83,55,,,,,,,,,,
gun_3_x4_alt_britain,,76,gun_3_x4_alt,britain,,,,,,,,,,,,,,,,,,,,,,,,,,,,,,,,,,,,
gun_4_x1_alt_britain_dd,,102,gun_4_x1_alt,britain,"tb, dd",,,,1.1,,vw_gun_120_x1,1,1.1,1.1,,vw_gun_120_x1,1,1.1,1.1,,vw_gun_120_x1,1,1.1,1.1,,akizuki_gun_b_127_x1,0.646,0.7805,1.1,55,,,,,,,,,,
gun_4_x2_alt_britain_dd,,102,gun_4_x2_alt,britain,"tb, dd",,,,1.28,,dreadnought_gun_178_x2,0.868,0.994,1.28,,dreadnought_gun_178_x2,0.868,0.994,1.28,,akizuki_gun_b_127_x2,0.646,0.7805,1.28,,akizuki_gun_b_127_x2,0.646,0.7805,1.28,55,,,,,,,,,,
gun_4_x3_alt_britain_dd,,102,gun_4_x3_alt,britain,"tb, dd",,,,1,,dreadnought_gun_178_x3,0.868,0.994,1,,dreadnought_gun_178_x3,0.868,0.994,1,,akizuki_gun_b_127_x3,0.646,0.7805,1,,akizuki_gun_b_127_x3,0.646,0.7805,1,55,,,,,,,,,,
gun_4_x1_alt_britain,,102,gun_4_x1_alt,britain,"cl, ca, bb, bc",,,,1.1,,vw_gun_120_x1,1,1.1,1.1,,jap_tb_gun_76_x1,1.79,1.98,1.1,,moga_gun_127_x1,1.132,1.228,1.1,,moga_gun_127_x1,1.132,1.228,1.1,55,,,,,,,,,,
gun_4_x2_alt_britain,,102,gun_4_x2_alt,britain,"cl, ca, bb, bc",,,,1.28,,dreadnought_gun_178_x2,0.868,0.994,1.28,,dreadnought_gun_178_x2,0.868,0.994,1.28,,qe_gun_114_x2,0.868,0.994,1.28,,qe_gun_114_x2,0.868,0.994,1.28,55,,,,,,,,,,
gun_4_x3_alt_britain,,102,gun_4_x3_alt,britain,"cl, ca, bb, bc",,,,1,,dreadnought_gun_178_x3,0.868,0.994,1,,dreadnought_gun_178_x3,0.868,0.994,1,,akizuki_gun_b_127_x3,0.646,0.7805,1,,akizuki_gun_b_127_x3,0.646,0.7805,1,55,,,,,,,,,,
gun_5_x1_alt_britain,,127,gun_5_x1_alt,britain,,,,,0.85,,,,,0.85,,,,,0.85,,hood_gun_140_x1,1.28,1.395,0.85,,hood_gun_140_x1,1.28,1.395,0.85,55,,,,,,,,,,
gun_5_x2_alt_britain,,127,gun_5_x2_alt,britain,,,,,0.95,,dreadnought_gun_178_x2,1.004,1.13,0.95,,dreadnought_gun_178_x2,1.004,1.13,0.95,,vanguard_gun_133_x2,1.004,1.13,0.95,,vanguard_gun_133_x2,1.004,1.13,0.95,55,,,,,,,,,,
gun_5_x3_alt_britain,,127,gun_5_x3_alt,britain,,,,,0.75,,dreadnought_gun_178_x3,1.004,1.13,0.75,,dreadnought_gun_178_x3,1.004,1.13,0.75,,kgeorge_gun_133_x3,0.785,0.86,0.75,,kgeorge_gun_133_x3,0.785,0.86,0.75,55,,,,,,,,,,
gun_6_x1_alt_britain,,151,gun_6_x1_alt,britain,,,,,0.75,,vw_gun_120_x1,1.2,1.3,0.75,,vw_gun_120_x1,1.2,1.3,0.75,,,,,,,,,,,,,,,,,,,,,
gun_6_x2_alt_britain,,152,gun_6_x2_alt,britain,,,,,0.86,,dreadnought_gun_178_x2,1.14,1.266,0.86,,dreadnought_gun_178_x2,1.14,1.266,0.86,,british_adv_cruiser_152_gun_x2,0.71,0.809,0.86,,nelson_gun_152_x2,0.918,1.0262,0.86,,,,,,,,,,,
gun_6_x3_alt_britain,,152,gun_6_x3_alt,britain,,,,,0.66,,dreadnought_gun_178_x3,1.14,1.266,0.66,,dreadnought_gun_178_x3,1.14,1.266,0.66,,british_adv_cruiser_152_gun_x3,0.71,0.809,0.66,,nelson_gun_152_x3,0.918,1.0262,0.66,,,,,,,,,,,
gun_7_x2_alt_britain,,178,gun_7_x2_alt,britain,,irresistible_gun_305_x2,0.681,0.762,0.9,,dreadnought_gun_178_x2,1.276,1.376,0.9,,warrior_gun_228_x2,0.998,1.078,0.9,,british_adv_cruiser_152_gun_x2,0.819,0.918,0.9,,nelson_gun_152_x2,1.0362,1.1444,0.9,,,,,,,,,,,
gun_7_x3_alt_britain,,178,gun_7_x3_alt,britain,,irresistible_gun_305_x3,0.681,0.762,0.705,,dreadnought_gun_178_x3,1.276,1.376,0.705,,warrior_gun_228_x3,0.998,1.078,0.705,,british_adv_cruiser_152_gun_x3,0.819,0.918,0.705,,nelson_gun_152_x3,1.0362,1.1444,0.705,,,,,,,,,,,
gun_8_x2_alt_britain,,203,gun_8_x2_alt,britain,,irresistible_gun_305_x2,0.772,0.853,0.88,,agamemnon_gun_228_x2,1.16,1.242,0.88,,warrior_gun_228_x2,1.08,1.16,0.88,,british_adv_cruiser_152_gun_x2,0.928,1.027,0.88,,nelson_gun_152_x2,1.1544,1.2626,0.88,,,,,,,,,,,
gun_8_x3_alt_britain,,203,gun_8_x3_alt,britain,,irresistible_gun_305_x3,0.772,0.853,0.69,,agamemnon_gun_228_x3,1.16,1.242,0.69,,warrior_gun_228_x3,1.08,1.16,0.69,,british_adv_cruiser_152_gun_x3,0.928,1.027,0.69,,nelson_gun_152_x3,1.1544,1.2626,0.69,,,,,,,,,,,
gun_9_x2_alt_britain,,229,gun_9_x2_alt,britain,,irresistible_gun_305_x2,0.863,0.944,0.82,,agamemnon_gun_228_x2,1.244,1.326,0.82,,warrior_gun_228_x2,1.162,1.242,0.82,,british_adv_cruiser_152_gun_x2,1.037,1.136,0.82,,nelson_gun_152_x2,1.2726,1.3808,0.82,,,,,,,,,,,
gun_9_x3_alt_britain,,229,gun_9_x3_alt,britain,,irresistible_gun_305_x3,0.863,0.944,0.64,,agamemnon_gun_228_x3,1.244,1.326,0.64,,warrior_gun_228_x3,1.162,1.242,0.64,,british_adv_cruiser_152_gun_x3,1.037,1.136,0.64,,nelson_gun_152_x3,1.2726,1.3808,0.64,,,,,,,,,,,
gun_10_x2_alt_britain,,254,gun_10_x2_alt,britain,,irresistible_gun_305_x2,0.954,1.035,0.9,,agamemnon_gun_228_x2,1.328,1.41,0.9,,nelson_gun_406_x2,0.6908,0.754,0.9,,kgeorge_gun_a_380_x2,0.8025,0.837,0.9,,kgeorge_gun_a_380_x2,0.8025,0.837,0.9,,,,,,,,,,,
gun_10_x3_alt_britain,,254,gun_10_x3_alt,britain,,irresistible_gun_305_x3,0.954,1.035,0.68,,agamemnon_gun_228_x3,1.328,1.41,0.68,,nelson_gun_406_x3,0.6908,0.754,0.68,,kgeorge_gun_380_x3,0.8025,0.837,0.68,,kgeorge_gun_380_x3,0.8025,0.837,0.68,,,,,,,,,,,
gun_11_x2_alt_britain,,279,gun_11_x2_alt,britain,,agamemnon_gun_b_305_x2,1.045,1.126,0.82,,agamemnon_gun_b_305_x2,1.045,1.126,0.82,,nelson_gun_406_x2,0.759,0.8222,0.82,,kgeorge_gun_a_380_x2,0.8375,0.88,0.82,,kgeorge_gun_a_380_x2,0.8375,0.88,0.82,,,,,,,,,,,
gun_11_x3_alt_britain,,279,gun_11_x3_alt,britain,,agamemnon_gun_b_305_x3,1.045,1.126,0.66,,agamemnon_gun_b_305_x3,1.045,1.126,0.66,,nelson_gun_406_x3,0.759,0.8222,0.66,,kgeorge_gun_380_x3,0.8375,0.88,0.66,,kgeorge_gun_380_x3,0.8375,0.88,0.66,,,,,,,,,,,
gun_12_x2_alt_britain,,305,gun_12_x2_alt,britain,,agamemnon_gun_b_305_x2,1.136,1.217,0.82,,agamemnon_gun_b_305_x2,1.136,1.217,0.82,,nelson_gun_406_x2,0.8272,0.8904,0.82,,kgeorge_gun_a_380_x2,0.8825,0.925,0.82,45,kgeorge_gun_a_380_x2,0.8825,0.925,0.82,,,,,,,,,,,
gun_12_x3_alt_britain,,305,gun_12_x3_alt,britain,,agamemnon_gun_b_305_x3,1.136,1.217,0.66,,agamemnon_gun_b_305_x3,1.136,1.217,0.66,,nelson_gun_406_x3,0.8272,0.8904,0.66,,kgeorge_gun_380_x3,0.8825,0.925,0.66,45,kgeorge_gun_380_x3,0.8825,0.925,0.66,,,,,,,,,,,
gun_13_x2_alt_britain,,330,gun_13_x2_alt,britain,,agamemnon_gun_b_305_x2,1.227,1.308,0.88,,dreadnought_gun_305_x2,1.216,1.297,0.88,,nelson_gun_406_x2,0.8954,0.9586,0.88,,kgeorge_gun_a_380_x2,0.9275,0.97,0.88,45,kgeorge_gun_a_380_x2,0.9275,0.97,0.88,,,,,,,,,,,
gun_13_x3_alt_britain,,330,gun_13_x3_alt,britain,,agamemnon_gun_b_305_x3,1.227,1.308,0.705,,dreadnought_gun_305_x3,1.216,1.297,0.705,,nelson_gun_406_x3,0.8954,0.9586,0.705,,kgeorge_gun_380_x3,0.9275,0.97,0.705,45,kgeorge_gun_380_x3,0.9275,0.97,0.705,,,,,,,,,,,
gun_14_x2_alt_britain,,356,gun_14_x2_alt,britain,,agamemnon_gun_b_305_x2,1.318,1.399,0.88,,dreadnought_gun_305_x2,1.301,1.391,0.88,,nelson_gun_406_x2,0.9636,1.0268,0.88,,kgeorge_gun_a_380_x2,0.9725,1.015,0.88,45,kgeorge_gun_a_380_x2,0.9725,1.015,0.88,,,,,,,,,,,
gun_14_x3_alt_britain,,356,gun_14_x3_alt,britain,,agamemnon_gun_b_305_x3,1.318,1.399,0.705,,dreadnought_gun_305_x3,1.301,1.391,0.705,,nelson_gun_406_x3,0.9636,1.0268,0.705,,kgeorge_gun_380_x3,0.9725,1.015,0.705,45,kgeorge_gun_380_x3,0.9725,1.015,0.705,,,,,,,,,,,
gun_15_x2_alt_britain,,381,gun_15_x2_alt,britain,,agamemnon_gun_b_305_x2,1.409,1.49,0.9,,dreadnought_gun_305_x2,1.409,1.49,0.9,,nelson_gun_406_x2,1.0318,1.095,0.9,,hood_gun_380_x2,1.0318,1.095,0.9,,hood_gun_380_x2,1.0318,1.095,0.9,,,,,,,,,,,
gun_15_x3_alt_britain,,381,gun_15_x3_alt,britain,,agamemnon_gun_b_305_x3,1.409,1.49,0.72,,dreadnought_gun_305_x3,1.409,1.49,0.72,,nelson_gun_406_x3,1.0318,1.095,0.72,,hood_gun_380_x3,1.0318,1.095,0.72,,hood_gun_380_x3,1.0318,1.095,0.72,,,,,,,,,,,
gun_16_x2_alt_britain,,406,gun_16_x2_alt,britain,,agamemnon_gun_b_305_x2,1.5,1.581,0.93,,hood_gun_380_x2,1.1,1.1632,0.93,,nelson_gun_406_x2,1.1,1.1632,0.93,45,hood_gun_380_x2,1.1,1.1632,0.93,45,kgeorge_gun_a_380_x2,1.09,1.155,0.93,,,,,,,,,,,
gun_16_x3_alt_britain,,406,gun_16_x3_alt,britain,,agamemnon_gun_b_305_x3,1.5,1.581,0.75,,hood_gun_380_x3,1.1,1.1632,0.75,,nelson_gun_406_x3,1.1,1.1632,0.75,45,hood_gun_380_x3,1.1,1.1632,0.75,45,kgeorge_gun_380_x3,1.09,1.155,0.75,,,,,,,,,,,
gun_17_x2_alt_britain,,432,gun_17_x2_alt,britain,,irresistible_gun_305_x2,1.591,1.672,0.95,,agamemnon_gun_b_305_x2,1.591,1.672,0.95,,hood_gun_380_x2,1.1682,1.2314,0.95,,kgeorge_gun_a_380_x2,1.159,1.219,0.95,45,kgeorge_gun_a_380_x2,1.159,1.219,0.95,,,,,,,,,,,
gun_17_x3_alt_britain,,432,gun_17_x3_alt,britain,,irresistible_gun_305_x3,1.591,1.672,0.775,,agamemnon_gun_b_305_x3,1.591,1.672,0.775,,hood_gun_380_x3,1.1682,1.2314,0.775,,kgeorge_gun_380_x3,1.159,1.219,0.775,45,kgeorge_gun_380_x3,1.159,1.219,0.775,,,,,,,,,,,
gun_18_x2_alt_britain,,457,gun_18_x2_alt,britain,,irresistible_gun_305_x2,1.682,1.763,0.985,,agamemnon_gun_b_305_x2,1.682,1.763,0.985,,hood_gun_380_x2,1.2364,1.2996,0.985,,kgeorge_gun_a_380_x2,1.22,1.285,0.985,45,kgeorge_gun_a_380_x2,1.22,1.285,0.985,,,,,,,,,,,
gun_18_x3_alt_britain,,457,gun_18_x3_alt,britain,,irresistible_gun_305_x3,1.682,1.763,0.81,,agamemnon_gun_b_305_x3,1.682,1.763,0.81,,hood_gun_380_x3,1.2364,1.2996,0.81,,kgeorge_gun_380_x3,1.22,1.285,0.81,45,kgeorge_gun_380_x3,1.22,1.285,0.81,,,,,,,,,,,
gun_19_x2_alt_britain,,483,gun_19_x2_alt,britain,,irresistible_gun_305_x2,1.773,1.854,0.95,,agamemnon_gun_b_305_x2,1.773,1.854,0.95,,hood_gun_380_x2,1.3046,1.3678,0.95,,kgeorge_gun_a_380_x2,1.286,1.356,0.95,45,kgeorge_gun_a_380_x2,1.286,1.356,0.95,45,,,,,,,,,,
gun_19_x3_alt_britain,,483,gun_19_x3_alt,britain,,irresistible_gun_305_x3,1.773,1.854,0.78,,agamemnon_gun_b_305_x3,1.773,1.854,0.78,,hood_gun_380_x3,1.3046,1.3678,0.78,,kgeorge_gun_380_x3,1.286,1.356,0.78,45,kgeorge_gun_380_x3,1.286,1.356,0.78,45,,,,,,,,,,
gun_20_x2_alt_britain,,508,gun_20_x2_alt,britain,,irresistible_gun_305_x2,1.864,1.945,0.85,,agamemnon_gun_b_305_x2,1.864,1.945,0.85,,hood_gun_380_x2,1.3728,1.436,0.85,,kgeorge_gun_a_380_x2,1.36,1.435,0.85,45,kgeorge_gun_a_380_x2,1.36,1.435,0.85,45,,,,,,,,,,
gun_20_x3_alt_britain,,508,gun_20_x3_alt,britain,,irresistible_gun_305_x3,1.864,1.945,0.7,,agamemnon_gun_b_305_x3,1.864,1.945,0.7,,hood_gun_380_x3,1.3728,1.436,0.7,,kgeorge_gun_380_x3,1.36,1.435,0.7,45,kgeorge_gun_380_x3,1.36,1.435,0.7,45,,,,,,,,,,
###,,,###,,,,,,,,,,,,,,,,,,,,,,,,,,,,,,,,,,,,,
gun_2_x1_alt_japan,,51,gun_2_x1_alt,japan,,small_gun_a_51_x1,1.75,1.6,,,small_gun_b_51_x1,1.75,1.9,,,,,,,,atlanta_gun_28_x1,1.225,1.355,,55,atlanta_gun_28_x1,1.225,1.355,,55,,,,,,,,,,
gun_2_x2_alt_japan,,51,gun_2_x2_alt,japan,,,,,,,,,,,,,,,,,atlanta_gun_28_x2,1.225,1.355,,55,atlanta_gun_28_x2,1.225,1.355,,55,,,,,,,,,,
gun_2_x3_alt_japan,,51,gun_2_x3_alt,japan,,,,,,,,,,,,,,,,,atlanta_gun_28_x3,1.225,1.355,,55,atlanta_gun_28_x3,1.225,1.355,,55,,,,,,,,,,
gun_2_x4_alt_japan,,51,gun_2_x4_alt,japan,,,,,,,,,,,,,,,,,,,,,,,,,,,,,,,,,,,,
gun_3_x1_alt_japan,,76,gun_3_x1_alt,japan,,,,,,,,,,,,,,,,,akizuki_gun_100_x1,0.873,0.968,,50,akizuki_gun_100_x1,0.926,1.006,,55,,,,,,,,,,
gun_3_x2_alt_japan,,76,gun_3_x2_alt,japan,,,,,,,,,,,,,,,,,akizuki_gun_100_x2,0.873,0.968,,50,akizuki_gun_100_x2,0.926,1.006,,55,,,,,,,,,,
gun_3_x3_alt_japan,,76,gun_3_x3_alt,japan,,,,,,,,,,,,,,,,,akizuki_gun_100_x3,0.873,0.968,,50,akizuki_gun_100_x3,0.926,1.006,,55,,,,,,,,,,
gun_3_x4_alt_japan,,76,gun_3_x4_alt,japan,,,,,,,,,,,,,,,,,,,,,,,,,,,,,,,,,,,,
"gun_4_x1_alt_japan_bb,bc",,102,gun_4_x1_alt,japan,"ca, bb, bc",,,,,,,,,,,iowa_gun_127_x1,1.132,1.228,,,moga_gun_127_x1,1.132,1.228,,,moga_gun_127_x1,1.132,1.228,,,,,,,,,,,,
"gun_4_x2_alt_japan_bb,bc",,102,gun_4_x2_alt,japan,"ca, bb, bc",,,,,,,,,,,iowa_gun_127_x2,1.132,1.228,,,moga_gun_127_x2,1.132,1.228,,,moga_gun_127_x2,1.132,1.228,,,,,,,,,,,,
"gun_4_x3_alt_japan_bb,bc",,102,gun_4_x3_alt,japan,"ca, bb, bc",,,,,,,,,,,iowa_gun_127_x3,1.132,1.228,,,moga_gun_127_x3,1.132,1.228,,,moga_gun_127_x3,1.132,1.228,,,,,,,,,,,,
gun_4_x1_alt_japan,,102,gun_4_x1_alt,japan,"tb, dd, cl",,,,,,,,,,,moga_gun_127_x1,1.112,1.212,,,akizuki_gun_100_x1,1.018,1.098,,,akizuki_gun_100_x1,1.018,1.098,,,,,,,,,,,,
gun_4_x2_alt_japan,,102,gun_4_x2_alt,japan,"tb, dd, cl",,,,,,,,,,,moga_gun_127_x2,1.112,1.212,,,akizuki_gun_100_x2,1.018,1.098,,,akizuki_gun_100_x2,1.018,1.098,,,,,,,,,,,,
gun_4_x3_alt_japan,,102,gun_4_x3_alt,japan,"tb, dd, cl",,,,,,,,,,,moga_gun_127_x3,1.112,1.212,,,akizuki_gun_100_x3,1.018,1.098,,,akizuki_gun_100_x3,1.018,1.098,,,,,,,,,,,,
"gun_5_x1_alt_japan_bb,bc",,127,gun_5_x1_alt,japan,"ca, bb, bc",tsesarevich_gun_152_x1,0.8005,0.935,,,,,,,,iowa_gun_127_x1,1.234,1.33,,,moga_gun_127_x1,1.234,1.33,,,moga_gun_127_x1,1.234,1.33,,,,,,,,,,,,
"gun_5_x2_alt_japan_bb,bc",,127,gun_5_x2_alt,japan,"ca, bb, bc",tsesarevich_gun_152_x2,0.8005,0.935,,,,,,,,iowa_gun_127_x2,1.234,1.33,,,moga_gun_127_x2,1.234,1.33,,,moga_gun_127_x2,1.234,1.33,,,,,,,,,,,,
"gun_5_x3_alt_japan_bb,bc",,127,gun_5_x3_alt,japan,"ca, bb, bc",tsesarevich_gun_152_x3,0.8005,0.935,,,,,,,,iowa_gun_127_x3,1.234,1.33,,,moga_gun_127_x3,1.234,1.33,,,moga_gun_127_x3,1.234,1.33,,,,,,,,,,,,
gun_5_x1_alt_japan,,127,gun_5_x1_alt,japan,"tb, dd, cl",,,,,,,,,,,,,,,,,,,,,akizuki_gun_127_x1,1.07,1.145,,,,,,,,,,,,
gun_5_x2_alt_japan,,127,gun_5_x2_alt,japan,"tb, dd, cl",,,,,,,,,,,moga_gun_127_x2,1.234,1.33,,,akizuki_gun_127_x2,1.07,1.145,,,akizuki_gun_127_x2,1.07,1.145,,,,,,,,,,,,
gun_5_x3_alt_japan,,127,gun_5_x3_alt,japan,"tb, dd, cl",,,,,,,,,,,moga_gun_127_x3,1.234,1.33,,,akizuki_gun_127_x3,1.07,1.145,,,akizuki_gun_127_x3,1.07,1.145,,,,,,,,,,,,
gun_6_x1_alt_japan,,151,gun_6_x1_alt,japan,,,,,,,,,,,,,,,,,,,,,,,,,,,,,,,,,,,,
gun_6_x2_alt_japan,,152,gun_6_x2_alt,japan,,tsesarevich_gun_152_x2,0.955,1.0895,,,,,,,,,,,,,yamato_gun_155_x2,0.8606,0.9222,,,yamato_gun_155_x2,0.8606,0.9222,,,,,,,,,,,,
gun_6_x3_alt_japan,,152,gun_6_x3_alt,japan,,tsesarevich_gun_152_x3,0.955,1.0895,,,,,,,,,,,,,yamato_gun_155_x3,0.8606,0.9222,,,yamato_gun_155_x3,0.8606,0.9222,,,,,,,,,,,,
gun_7_x2_alt_japan,,178,gun_7_x2_alt,japan,,tsesarevich_gun_152_x2,1.1095,1.244,,,,,,,,dreadnought_gun_178_x2,1.276,1.402,,,yamato_gun_155_x2,0.9272,0.9808,,,yamato_gun_155_x2,0.9272,0.9808,,,,,,,,,,,,
gun_7_x3_alt_japan,,178,gun_7_x3_alt,japan,,tsesarevich_gun_152_x3,1.1095,1.244,,,,,,,,dreadnought_gun_178_x3,1.276,1.402,,,yamato_gun_155_x3,0.9272,0.9808,,,yamato_gun_155_x3,0.9272,0.9808,,,,,,,,,,,,
gun_8_x2_alt_japan,,203,gun_8_x2_alt,japan,,friedrich_gun_228_x2,0.8194,0.8976,,,,,,,,agamemnon_gun_228_x2,1.16,1.242,,,moga_gun_200_x2,1.056,1.111,,,moga_gun_200_x2,1.056,1.111,,,,,,,,,,,,
gun_8_x3_alt_japan,,203,gun_8_x3_alt,japan,,friedrich_gun_228_x3,0.8194,0.8976,,,,,,,,agamemnon_gun_228_x3,1.16,1.242,,,moga_gun_200_x3,1.056,1.101,,,moga_gun_200_x3,1.056,1.101,,,,,,,,,,,,
gun_9_x2_alt_japan,,229,gun_9_x2_alt,japan,,friedrich_gun_228_x2,0.9076,0.9858,,,agamemnon_gun_228_x2,1.244,1.326,,,agamemnon_gun_228_x2,1.244,1.326,,,moga_gun_200_x2,1.116,1.181,,,moga_gun_200_x2,1.116,1.181,,,,,,,,,,,,
gun_9_x3_alt_japan,,229,gun_9_x3_alt,japan,,friedrich_gun_228_x3,0.9076,0.9858,,,agamemnon_gun_228_x3,1.244,1.326,,,agamemnon_gun_228_x3,1.244,1.326,,,moga_gun_200_x3,1.116,1.181,,,moga_gun_200_x3,1.116,1.181,,,,,,,,,,,,
gun_10_x2_alt_japan,,254,gun_10_x2_alt,japan,,friedrich_gun_228_x2,0.9958,1.074,,,agamemnon_gun_228_x2,1.328,1.41,,,agamemnon_gun_228_x2,1.328,1.41,,,moga_gun_200_x2,1.186,1.261,,,moga_gun_200_x2,1.186,1.261,,,,,,,,,,,,
gun_10_x3_alt_japan,,254,gun_10_x3_alt,japan,,friedrich_gun_228_x3,0.9958,1.074,,,agamemnon_gun_228_x3,1.328,1.41,,,agamemnon_gun_228_x3,1.328,1.41,,,moga_gun_200_x3,1.186,1.261,,,moga_gun_200_x3,1.186,1.261,,,,,,,,,,,,
gun_11_x2_alt_japan,,279,gun_11_x2_alt,japan,,friedrich_gun_228_x2,1.084,1.1622,,,agamemnon_gun_305_x2,1.045,1.126,,,fus_gun_356_x2_a,0.909,0.9672,,,yamato_gun_460_x2,0.645,0.69,,,yamato_gun_b_460_x2,0.645,0.69,,,,,,,,,,,,
gun_11_x3_alt_japan,,279,gun_11_x3_alt,japan,,friedrich_gun_228_x3,1.084,1.1622,,,agamemnon_gun_305_x3,1.045,1.126,,,fus_gun_356_x3_a,0.909,0.9672,,,yamato_gun_460_x3,0.645,0.69,,,yamato_gun_b_460_x3,0.645,0.69,,,,,,,,,,,,
gun_12_x2_alt_japan,,305,gun_12_x2_alt,japan,,friedrich_gun_228_x2,1.1722,1.2504,,,agamemnon_gun_305_x2,1.136,1.217,,,fus_gun_356_x2_a,0.9772,1.0354,,,yamato_gun_460_x2,0.695,0.74,,45,yamato_gun_b_460_x2,0.695,0.74,,,,,,,,,,,,
gun_12_x3_alt_japan,,305,gun_12_x3_alt,japan,,friedrich_gun_228_x3,1.1722,1.2504,,,agamemnon_gun_305_x3,1.136,1.217,,,fus_gun_356_x3_a,0.9772,1.0354,,,yamato_gun_460_x3,0.695,0.74,,45,yamato_gun_b_460_x3,0.695,0.74,,,,,,,,,,,,
gun_13_x2_alt_japan,,330,gun_13_x2_alt,japan,,friedrich_gun_228_x2,1.2604,1.3386,,,agamemnon_gun_305_x2,1.227,1.308,,,fus_gun_356_x2_a,1.0454,1.1036,,,yamato_gun_460_x2,0.745,0.79,,45,yamato_gun_b_460_x2,0.745,0.79,,,,,,,,,,,,
gun_13_x3_alt_japan,,330,gun_13_x3_alt,japan,,friedrich_gun_228_x3,1.2604,1.3386,,,agamemnon_gun_305_x3,1.227,1.308,,,fus_gun_356_x3_a,1.0454,1.1036,,,yamato_gun_460_x3,0.745,0.79,,45,yamato_gun_b_460_x3,0.745,0.79,,,,,,,,,,,,
gun_14_x2_alt_japan,,356,gun_14_x2_alt,japan,,friedrich_gun_228_x2,1.3486,1.4268,,,agamemnon_gun_305_x2,1.318,1.399,,,fus_gun_356_x2_a,1.1136,1.1718,,,yamato_gun_460_x2,0.795,0.84,,45,yamato_gun_b_460_x2,0.795,0.84,,,,,,,,,,,,
gun_14_x3_alt_japan,,356,gun_14_x3_alt,japan,,friedrich_gun_228_x3,1.3486,1.4268,,,agamemnon_gun_305_x3,1.318,1.399,,,fus_gun_356_x3_a,1.1136,1.1718,,,yamato_gun_460_x3,0.795,0.84,,45,yamato_gun_b_460_x3,0.795,0.84,,,,,,,,,,,,
gun_15_x2_alt_japan,,381,gun_15_x2_alt,japan,,friedrich_gun_228_x2,1.4368,1.515,,,agamemnon_gun_305_x2,1.409,1.49,,,fus_gun_356_x2_a,1.1818,1.24,,,yamato_gun_460_x2,0.845,0.89,,45,yamato_gun_b_460_x2,0.845,0.89,,,,,,,,,,,,
gun_15_x3_alt_japan,,381,gun_15_x3_alt,japan,,friedrich_gun_228_x3,1.4368,1.515,,,agamemnon_gun_305_x3,1.409,1.49,,,fus_gun_356_x3_a,1.1818,1.24,,,yamato_gun_460_x3,0.845,0.89,,45,yamato_gun_b_460_x3,0.845,0.89,,,,,,,,,,,,
gun_16_x2_alt_japan,,406,gun_16_x2_alt,japan,,friedrich_gun_228_x2,1.525,1.6032,,,agamemnon_gun_305_x2,1.5,1.581,,,fus_gun_356_x2_a,1.25,1.3082,,,yamato_gun_460_x2,0.895,0.94,,45,yamato_gun_b_460_x2,0.895,0.94,,,,,,,,,,,,
gun_16_x3_alt_japan,,406,gun_16_x3_alt,japan,,friedrich_gun_228_x3,1.525,1.6032,,,agamemnon_gun_305_x3,1.5,1.581,,,fus_gun_356_x3_a,1.25,1.3082,,,yamato_gun_460_x3,0.895,0.94,,45,yamato_gun_b_460_x3,0.895,0.94,,,,,,,,,,,,
gun_17_x2_alt_japan,,432,gun_17_x2_alt,japan,,agamemnon_gun_305_x2,1.591,1.672,,,fus_gun_356_x2_a,1.3182,1.3764,,,yamato_gun_460_x2,0.945,0.99,,,yamato_gun_b_460_x2,0.945,0.99,,45,yamato_gun_b_460_x2,0.945,0.99,,,,,,,,,,,,
gun_17_x3_alt_japan,,432,gun_17_x3_alt,japan,,agamemnon_gun_305_x3,1.591,1.672,,,fus_gun_356_x3_a,1.3182,1.3764,,,yamato_gun_460_x3,0.945,0.99,,,yamato_gun_b_460_x3,0.945,0.99,,45,yamato_gun_b_460_x3,0.945,0.99,,,,,,,,,,,,
gun_18_x2_alt_japan,,457,gun_18_x2_alt,japan,,agamemnon_gun_305_x2,1.682,1.763,,,fus_gun_356_x2_a,1.3864,1.4446,,,yamato_gun_460_x2,0.995,1.04,,,yamato_gun_b_460_x2,0.995,1.04,,45,yamato_gun_b_460_x2,0.995,1.04,,,,,,,,,,,,
gun_18_x3_alt_japan,,457,gun_18_x3_alt,japan,,agamemnon_gun_305_x3,1.682,1.763,,,fus_gun_356_x3_a,1.3864,1.4446,,,yamato_gun_460_x3,0.995,1.04,,,yamato_gun_b_460_x3,0.995,1.04,,45,yamato_gun_b_460_x3,0.995,1.04,,,,,,,,,,,,
gun_19_x2_alt_japan,,483,gun_19_x2_alt,japan,,,,,,,,,,,,,,,,,,,,,,,,,,,,,,,,,,,,
gun_19_x3_alt_japan,,483,gun_19_x3_alt,japan,,,,,,,,,,,,,,,,,,,,,,,,,,,,,,,,,,,,
gun_20_x2_alt_japan,,508,gun_20_x2_alt,japan,,,,,,,,,,,,,,,,,,,,,,,,,,,,,,,,,,,,
gun_20_x3_alt_japan,,508,gun_20_x3_alt,japan,,,,,,,,,,,,,,,,,,,,,,,,,,,,,,,,,,,,
###,,,###,,,,,,,,,,,,,,,,,,,,,,,,,,,,,,,,,,,,,
gun_2_x1_alt_france,,51,gun_2_x1_alt,france,,,,,,,,,,,,,,,,,,,,,,,,,,,,,,,,,,,,
gun_2_x2_alt_france,,51,gun_2_x2_alt,france,,,,,,,,,,,,,,,,,richelieu_gun_120_x2,0.596,0.722,0.7,,richelieu_gun_120_x2,0.596,0.722,0.7,,,,,,,,,,,
gun_2_x3_alt_france,,51,gun_2_x3_alt,france,,,,,,,,,,,,,,,,,richelieu_gun_120_x3,0.596,0.722,0.55,,richelieu_gun_120_x3,0.596,0.722,0.55,,,,,,,,,,,
gun_2_x4_alt_france,,51,gun_2_x4_alt,france,,,,,,,,,,,,,,,,,,,,,,,,,,,,,,,,,,,,
gun_3_x1_alt_france,,76,gun_3_x1_alt,france,"cl, ca, bb, bc",,,,,,,,,,,,,,,,,,,,,,,,,,,,,,,,,,,
gun_3_x2_alt_france,,76,gun_3_x2_alt,france,"cl, ca, bb, bc",,,,,,,,,,,,,,,,richelieu_gun_120_x2,0.732,0.858,1.08,,richelieu_gun_120_x2,0.732,0.858,1.08,,,,,,,,,,,
gun_3_x3_alt_france,,76,gun_3_x3_alt,france,"cl, ca, bb, bc",,,,,,,,,,,,,,,,richelieu_gun_120_x3,0.732,0.858,0.83,,richelieu_gun_120_x3,0.732,0.858,0.83,,,,,,,,,,,
gun_3_x1_alt_france_dd,,76,gun_3_x1_alt,france,"dd, tb",,,,,,,,,,,,,,,,moga_gun_127_x1,1.03,1.126,1,,moga_gun_127_x1,1.03,1.126,1,,,,,,,,,,,
gun_3_x2_alt_france_dd,,76,gun_3_x2_alt,france,"dd, tb",,,,,,,,,,,,,,,,ussr_gun_100_x2,0.88,0.95,1.08,,ussr_gun_100_x2,0.88,0.95,1.08,,,,,,,,,,,
gun_3_x3_alt_france_dd,,76,gun_3_x3_alt,france,"dd, tb",,,,,,,,,,,,,,,,ussr_gun_100_x3,0.88,0.95,0.83,,ussr_gun_100_x3,0.88,0.95,0.83,,,,,,,,,,,
gun_3_x4_alt_france,,76,gun_3_x4_alt,france,,,,,,,,,,,,,,,,,,,,,,,,,,,,,,,,,,,,
gun_4_x1_alt_france,,102,gun_4_x1_alt,france,,,,,,,,,,,,,,,,,,,,,,,,,,,,,,,,,,,,
gun_4_x2_alt_france,,102,gun_4_x2_alt,france,,,,,,,,,,,,,,,,,,,,,,,,,,,,,,,,,,,,
gun_4_x3_alt_france,,102,gun_4_x3_alt,france,,,,,,,,,,,,,,,,,,,,,,,,,,,,,,,,,,,,
gun_5_x1_alt_france_dd,,127,gun_5_x1_alt,france,"dd, tb",,,,,,,,,,,,,,,,,,,,,,,,,,,,,,,,,,,
gun_5_x2_alt_france_dd,,127,gun_5_x2_alt,france,"dd, tb",,,,,,,,,,,,,,,,,,,,,,,,,,,,,,,,,,,
gun_5_x3_alt_france_dd,,127,gun_5_x3_alt,france,"dd, tb",,,,,,,,,,,,,,,,,,,,,,,,,,,,,,,,,,,
gun_5_x1_alt_france,,127,gun_5_x1_alt,france,"cl, ca, bb, bc",,,,,,,,,,,,,,,,,,,,,,,,,,,,,,,,,,,
gun_5_x2_alt_france,,127,gun_5_x2_alt,france,"cl, ca, bb, bc",,,,,,,,,,,,,,,,richelieu_gun_152_x2,0.551,0.651,0.95,,richelieu_gun_152_x2,0.551,0.651,0.95,,,,,,,,,,,
gun_5_x3_alt_france,,127,gun_5_x3_alt,france,"cl, ca, bb, bc",,,,,,,,,,,,,,,,richelieu_gun_152_x3,0.551,0.651,0.75,,richelieu_gun_152_x3,0.551,0.651,0.75,,,,,,,,,,,
gun_6_x1_alt_france,,151,gun_6_x1_alt,france,,,,,,,,,,,,,,,,,,,,,,,,,,,,,,,,,,,,
gun_6_x2_alt_france,,152,gun_6_x2_alt,france,,,,,,,,,,,,,,,,,richelieu_gun_152_x2,0.66,0.76,0.86,50,richelieu_gun_152_x2,0.66,0.76,0.86,50,,,,,,,,,,
gun_6_x3_alt_france,,152,gun_6_x3_alt,france,,,,,,,,,,,,,,,,,richelieu_gun_152_x3,0.66,0.76,0.66,50,richelieu_gun_152_x3,0.66,0.76,0.66,50,,,,,,,,,,
gun_7_x2_alt_france,,178,gun_7_x2_alt,france,,,,,,,,,,,,,,,,,,,,,,,,,,,,,,,,,,,,
gun_7_x3_alt_france,,178,gun_7_x3_alt,france,,,,,,,,,,,,,,,,,,,,,,,,,,,,,,,,,,,,
gun_8_x2_alt_france,,203,gun_8_x2_alt,france,,,,,,,,,,,,,,,,,,,,,,,,,,,,,,,,,,,,
gun_8_x3_alt_france,,203,gun_8_x3_alt,france,,,,,,,,,,,,,,,,,,,,,,,,,,,,,,,,,,,,
gun_9_x2_alt_france,,229,gun_9_x2_alt,france,,,,,,,,,,,,,,,,,,,,,,,,,,,,,,,,,,,,
gun_9_x3_alt_france,,229,gun_9_x3_alt,france,,,,,,,,,,,,,,,,,,,,,,,,,,,,,,,,,,,,
gun_10_x2_alt_france,,254,gun_10_x2_alt,france,,,,,,,,,,,,,,,,,,,,,,,,,,,,,,,,,,,,
gun_10_x3_alt_france,,254,gun_10_x3_alt,france,,,,,,,,,,,,,,,,,,,,,,,,,,,,,,,,,,,,
gun_11_x2_alt_france,,279,gun_11_x2_alt,france,,,,,,,,,,,,,,,,,,,,,,,,,,,,,,,,,,,,
gun_11_x3_alt_france,,279,gun_11_x3_alt,france,,,,,,,,,,,,,,,,,,,,,,,,,,,,,,,,,,,,
gun_12_x2_alt_france,,305,gun_12_x2_alt,france,,,,,,,,,,,,,,,,,dant_gun_245_x2,1.136,1.217,0.82,,,,,,,,,,,,,,,,
gun_12_x3_alt_france,,305,gun_12_x3_alt,france,,,,,,,,,,,,,,,,,dant_gun_245_x3,1.136,1.217,0.66,,,,,,,,,,,,,,,,
gun_13_x2_alt_france,,330,gun_13_x2_alt,france,,,,,,,,,,,,,,,,,dant_gun_245_x2,1.227,1.308,0.88,,,,,,,,,,,,,,,,
gun_13_x3_alt_france,,330,gun_13_x3_alt,france,,,,,,,,,,,,,,,,,dant_gun_245_x3,1.227,1.308,0.705,,,,,,,,,,,,,,,,
gun_14_x2_alt_france,,356,gun_14_x2_alt,france,,,,,,,,,,,,,,,,,dant_gun_245_x2,1.318,1.399,0.88,,,,,,,,,,,,,,,,
gun_14_x3_alt_france,,356,gun_14_x3_alt,france,,,,,,,,,,,,,,,,,dant_gun_245_x3,1.318,1.399,0.705,,,,,,,,,,,,,,,,
gun_15_x2_alt_france,,381,gun_15_x2_alt,france,,,,,,,richelieu_gun_380_x2,0.8875,0.94,0.9,,richelieu_gun_380_x2,0.8875,0.94,0.9,,dant_gun_245_x2,1.409,1.49,0.9,,,,,,,,,,,,,,,,
gun_15_x3_alt_france,,381,gun_15_x3_alt,france,,,,,,,richelieu_gun_380_x3,0.8875,0.94,0.72,,richelieu_gun_380_x3,0.8875,0.94,0.72,,dant_gun_245_x3,1.409,1.49,0.72,,,,,,,,,,,,,,,,
gun_16_x2_alt_france,,406,gun_16_x2_alt,france,,,,,,,,,,,,,,,,,dant_gun_245_x2,1.5,1.581,0.93,,,,,,,,,,,,,,,,
gun_16_x3_alt_france,,406,gun_16_x3_alt,france,,,,,,,,,,,,,,,,,dant_gun_245_x3,1.5,1.581,0.75,,,,,,,,,,,,,,,,
gun_17_x2_alt_france,,432,gun_17_x2_alt,france,,,,,,,,,,,,,,,,,,,,,,,,,,,,,,,,,,,,
gun_17_x3_alt_france,,432,gun_17_x3_alt,france,,,,,,,,,,,,,,,,,,,,,,,,,,,,,,,,,,,,
gun_18_x2_alt_france,,457,gun_18_x2_alt,france,,,,,,,,,,,,,,,,,,,,,,,,,,,,,,,,,,,,
gun_18_x3_alt_france,,457,gun_18_x3_alt,france,,,,,,,,,,,,,,,,,,,,,,,,,,,,,,,,,,,,
gun_19_x2_alt_france,,483,gun_19_x2_alt,france,,,,,,,,,,,,,,,,,,,,,,,,,,,,,,,,,,,,
gun_19_x3_alt_france,,483,gun_19_x3_alt,france,,,,,,,,,,,,,,,,,,,,,,,,,,,,,,,,,,,,
gun_20_x2_alt_france,,508,gun_20_x2_alt,france,,,,,,,,,,,,,,,,,,,,,,,,,,,,,,,,,,,,
gun_20_x3_alt_france,,508,gun_20_x3_alt,france,,,,,,,,,,,,,,,,,,,,,,,,,,,,,,,,,,,,
###,,,###,,,,,,,,,,,,,,,,,,,,,,,,,,,,,,,,,,,,,
gun_2_x1_alt_russia,,51,gun_2_x1_alt,russia,,,,,,,,,,,,,,,,,ussr_gun_50_x1,0.637,0.772,,55,ussr_gun_50_x1,0.637,0.772,,55,,,,,,,,,,
gun_2_x2_alt_russia,,51,gun_2_x2_alt,russia,,,,,,,,,,,,,,,,,ussr_gun_50_x2,0.637,0.772,,55,ussr_gun_50_x2,0.637,0.772,,55,,,,,,,,,,
gun_2_x3_alt_russia,,51,gun_2_x3_alt,russia,,,,,,,,,,,,,,,,,ussr_gun_50_x3,0.637,0.772,,55,ussr_gun_50_x3,0.637,0.772,,55,,,,,,,,,,
gun_2_x4_alt_russia,,51,gun_2_x4_alt,russia,,,,,,,,,,,,,,,,,,,,,,,,,,,,,,,,,,,,
gun_3_x1_alt_russia,,76,gun_3_x1_alt,russia,,,,,,,,,,,,,,,,,ussr_gun_50_x1,0.783,0.912,,50,ussr_gun_50_x1,0.783,0.912,,55,,,,,,,,,,
gun_3_x2_alt_russia,,76,gun_3_x2_alt,russia,,,,,,,,,,,,,,,,,ussr_gun_50_x2,0.783,0.912,,50,ussr_gun_50_x2,0.783,0.912,,55,,,,,,,,,,
gun_3_x3_alt_russia,,76,gun_3_x3_alt,russia,,,,,,,,,,,,,,,,,ussr_gun_50_x3,0.783,0.912,,50,ussr_gun_50_x3,0.783,0.912,,55,,,,,,,,,,
gun_3_x4_alt_russia,,76,gun_3_x4_alt,russia,,,,,,,,,,,,,,,,,,,,,,,,,,,,,,,,,,,,
gun_4_x1_alt_russia,,102,gun_4_x1_alt,russia,,,,,,,small_gun_e_76_x1,1.19,1.305,,,small_gun_e_76_x1,1.19,1.305,,,,,,,,,,,,,,,,,,,,,,
gun_4_x2_alt_russia,,102,gun_4_x2_alt,russia,,,,,,,,,,,,,,,,,ussr_gun_100_x2,0.94,1.02,,,ussr_gun_100_x2,0.94,1.02,,,,,,,,,,,,
gun_4_x3_alt_russia,,102,gun_4_x3_alt,russia,,,,,,,,,,,,,,,,,ussr_gun_100_x3,0.94,1.02,,,ussr_gun_100_x3,0.94,1.02,,,,,,,,,,,,
gun_5_x1_alt_russia,,127,gun_5_x1_alt,russia,,,,,,,spee_gun_150_x1,1.105,1.19,,,spee_gun_150_x1,1.105,1.19,,,,,,,,,,,,,,,,,,,,,,
gun_5_x2_alt_russia,,127,gun_5_x2_alt,russia,,tsesarevich_gun_152_x2,0.8005,0.935,,,spee_gun_150_x2,1.004,1.13,,,,,,,,ussr_gun_100_x2,1.03,1.11,,,ussr_gun_100_x2,1.03,1.11,,,,,,,,,,,,
gun_5_x3_alt_russia,,127,gun_5_x3_alt,russia,,tsesarevich_gun_152_x3,0.8005,0.935,,,spee_gun_150_x3,1.004,1.13,,,,,,,,ussr_gun_100_x3,1.03,1.11,,,ussr_gun_100_x3,1.03,1.11,,,,,,,,,,,,
gun_6_x1_alt_russia,,151,gun_6_x1_alt,russia,,,,,,,spee_gun_150_x1,1.195,1.28,,,spee_gun_150_x1,1.195,1.28,,,,,,,,,,,,,,,,,,,,,,
gun_6_x2_alt_russia,,152,gun_6_x2_alt,russia,,tsesarevich_gun_152_x2,0.955,1.0895,,,spee_gun_150_x2,1.195,1.28,,,spee_gun_150_x2,1.195,1.28,,,ussr_gun_152_x2,1.02,1.095,,,ussr_gun_152_x2,1.02,1.095,,,,,,,,,,,,
gun_6_x3_alt_russia,,152,gun_6_x3_alt,russia,,tsesarevich_gun_152_x3,0.955,1.0895,,,spee_gun_150_x3,1.195,1.28,,,spee_gun_150_x3,1.195,1.28,,,ussr_gun_152_x3,1.02,1.095,,,ussr_gun_152_x3,1.02,1.095,,,,,,,,,,,,
gun_7_x2_alt_russia,,178,gun_7_x2_alt,russia,,tsesarevich_gun_152_x2,1.1095,1.244,,,dreadnought_gun_178_x2,1.276,1.376,,,dreadnought_gun_178_x2,1.276,1.402,,,ussr_gun_152_x2,1.1,1.185,,,ussr_gun_152_x2,1.1,1.185,,,,,,,,,,,,
gun_7_x3_alt_russia,,178,gun_7_x3_alt,russia,,tsesarevich_gun_152_x3,1.1095,1.244,,,dreadnought_gun_178_x3,1.276,1.376,,,dreadnought_gun_178_x3,1.276,1.402,,,mont_gun_152_x3,1.19,1.269,,,ussr_gun_152_x3,1.1,1.185,,,,,,,,,,,,
gun_8_x2_alt_russia,,203,gun_8_x2_alt,russia,,tsesarevich_gun_152_x2,1.264,1.3985,,,agamemnon_gun_b_228_x2,1.348,1.454,,,ussr_gun_406_x2,0.495,0.54,,,ussr_gun_406_x2,0.495,0.54,,,ussr_gun_406_x2,0.495,0.54,,,,,,,,,,,,
gun_8_x3_alt_russia,,203,gun_8_x3_alt,russia,,tsesarevich_gun_152_x3,1.264,1.3985,,,agamemnon_gun_b_228_x3,1.348,1.454,,,ussr_gun_406_x3,0.495,0.54,,,ussr_gun_406_x3,0.495,0.54,,,ussr_gun_406_x3,0.495,0.54,,,,,,,,,,,,
gun_9_x2_alt_russia,,229,gun_9_x2_alt,russia,,tsesarevich_gun_152_x2,1.4185,1.553,,,agamemnon_gun_b_228_x2,1.458,1.544,,,ussr_gun_406_x2,0.545,0.59,,,ussr_gun_406_x2,0.545,0.59,,,ussr_gun_406_x2,0.545,0.59,,,,,,,,,,,,
gun_9_x3_alt_russia,,229,gun_9_x3_alt,russia,,tsesarevich_gun_152_x3,1.4185,1.553,,,agamemnon_gun_b_228_x3,1.458,1.544,,,ussr_gun_406_x3,0.545,0.59,,,ussr_gun_406_x3,0.545,0.59,,,ussr_gun_406_x3,0.545,0.59,,,,,,,,,,,,
gun_10_x2_alt_russia,,254,gun_10_x2_alt,russia,,tsesarevich_gun_305_x2,0.954,1.035,,,agamemnon_gun_b_228_x2,1.548,1.624,,,ussr_gun_406_x2,0.595,0.64,,,ussr_gun_406_x2,0.595,0.64,,,ussr_gun_406_x2,0.595,0.64,,,,,,,,,,,,
gun_10_x3_alt_russia,,254,gun_10_x3_alt,russia,,tsesarevich_gun_305_x3,0.954,1.035,,,agamemnon_gun_b_228_x3,1.548,1.624,,,ussr_gun_406_x3,0.595,0.64,,,ussr_gun_406_x3,0.595,0.64,,,ussr_gun_406_x3,0.595,0.64,,,,,,,,,,,,
gun_11_x2_alt_russia,,279,gun_11_x2_alt,russia,,tsesarevich_gun_305_x2,1.045,1.126,,,dreadnought_gun_b_305_x2,1.135,1.205,,,yamato_gun_b_460_x2,0.645,0.69,,,spee_gun_280_x2_a,1.0035,1.0708,,,spee_gun_280_x2_a,1.0035,1.0708,,,,,,,,,,,,
gun_11_x3_alt_russia,,279,gun_11_x3_alt,russia,,tsesarevich_gun_305_x3,1.045,1.126,,,dreadnought_gun_b_305_x3,1.135,1.205,,,yamato_gun_b_460_x3,0.645,0.69,,,spee_gun_280_x3_a,1.0035,1.0708,,,spee_gun_280_x3_a,1.0035,1.0708,,,,,,,,,,,,
gun_12_x2_alt_russia,,305,gun_12_x2_alt,russia,,tsesarevich_gun_305_x2,1.136,1.217,,,dreadnought_gun_b_305_x2,1.21,1.28,,,yamato_gun_b_460_x2,0.695,0.74,,,spee_gun_280_x2_a,0.9908,1.0581,,45,spee_gun_280_x2_a,0.9908,1.0581,,,,,,,,,,,,
gun_12_x3_alt_russia,,305,gun_12_x3_alt,russia,,tsesarevich_gun_305_x3,1.136,1.217,,,dreadnought_gun_b_305_x3,1.21,1.28,,,yamato_gun_b_460_x3,0.695,0.74,,,spee_gun_280_x3_a,0.9908,1.0581,,45,spee_gun_280_x3_a,0.9908,1.0581,,,,,,,,,,,,
gun_13_x2_alt_russia,,330,gun_13_x2_alt,russia,,tsesarevich_gun_305_x2,1.227,1.308,,,dreadnought_gun_b_305_x2,1.285,1.355,,,yamato_gun_460_x2,0.745,0.79,,,spee_gun_280_x2_a,1.0681,1.1354,,45,spee_gun_280_x2_a,1.0681,1.1354,,,,,,,,,,,,
gun_13_x3_alt_russia,,330,gun_13_x3_alt,russia,,tsesarevich_gun_305_x3,1.227,1.308,,,dreadnought_gun_b_305_x3,1.285,1.355,,,yamato_gun_460_x3,0.745,0.79,,,spee_gun_280_x3_a,1.0681,1.1354,,45,spee_gun_280_x3_a,1.0681,1.1354,,,,,,,,,,,,
gun_14_x2_alt_russia,,330,gun_14_x2_alt,russia,,tsesarevich_gun_305_x2,1.318,1.399,,,dreadnought_gun_b_305_x2,1.36,1.43,,,yamato_gun_460_x2,0.795,0.84,,,ussr_gun_406_x2,0.795,0.84,,45,ussr_gun_406_x2,0.795,0.84,,,,,,,,,,,,
gun_14_x3_alt_russia,,330,gun_14_x3_alt,russia,,tsesarevich_gun_305_x3,1.318,1.399,,,dreadnought_gun_b_305_x3,1.36,1.43,,,yamato_gun_460_x3,0.795,0.84,,,ussr_gun_406_x3,0.795,0.84,,45,ussr_gun_406_x3,0.795,0.84,,,,,,,,,,,,
gun_15_x2_alt_russia,,381,gun_15_x2_alt,russia,,tsesarevich_gun_305_x2,1.409,1.49,,,dreadnought_gun_b_305_x2,1.435,1.505,,,yamato_gun_460_x2,0.845,0.89,,,ussr_gun_406_x2,0.845,0.89,,45,ussr_gun_406_x2,0.845,0.89,,,,,,,,,,,,
gun_15_x3_alt_russia,,381,gun_15_x3_alt,russia,,tsesarevich_gun_305_x3,1.409,1.49,,,dreadnought_gun_b_305_x3,1.435,1.505,,,yamato_gun_460_x3,0.845,0.89,,,ussr_gun_406_x3,0.845,0.89,,45,ussr_gun_406_x3,0.845,0.89,,,,,,,,,,,,
gun_16_x2_alt_russia,,406,gun_16_x2_alt,russia,,tsesarevich_gun_305_x2,1.5,1.581,,,dreadnought_gun_b_305_x2,1.51,1.58,,,yamato_gun_460_x2,0.895,0.94,,,ussr_gun_406_x2,0.895,0.94,,45,ussr_gun_406_x2,0.895,0.94,,,,,,,,,,,,
gun_16_x3_alt_russia,,406,gun_16_x3_alt,russia,,tsesarevich_gun_305_x3,1.5,1.581,,,dreadnought_gun_b_305_x3,1.51,1.58,,,yamato_gun_460_x3,0.895,0.94,,,ussr_gun_406_x3,0.895,0.94,,45,ussr_gun_406_x3,0.895,0.94,,,,,,,,,,,,
gun_17_x2_alt_russia,,432,gun_17_x2_alt,russia,,dreadnought_gun_b_305_x2,1.585,1.655,,,dreadnought_gun_b_305_x2,1.585,1.655,,,yamato_gun_460_x2,0.945,0.99,,,yamato_gun_b_460_x2,0.945,0.99,,45,ussr_gun_406_x2,0.945,0.99,,,,,,,,,,,,
gun_17_x3_alt_russia,,432,gun_17_x3_alt,russia,,dreadnought_gun_b_305_x3,1.585,1.655,,,dreadnought_gun_b_305_x3,1.585,1.655,,,yamato_gun_460_x3,0.945,0.99,,,yamato_gun_b_460_x3,0.945,0.99,,45,ussr_gun_406_x3,0.945,0.99,,,,,,,,,,,,
gun_18_x2_alt_russia,,457,gun_18_x2_alt,russia,,dreadnought_gun_b_305_x2,1.66,1.73,,,dreadnought_gun_b_305_x2,1.66,1.73,,,yamato_gun_460_x2,0.995,1.04,,,yamato_gun_b_460_x2,0.995,1.04,,45,ussr_gun_406_x2,0.995,1.04,,,,,,,,,,,,
gun_18_x3_alt_russia,,457,gun_18_x3_alt,russia,,dreadnought_gun_b_305_x3,1.66,1.73,,,dreadnought_gun_b_305_x3,1.66,1.73,,,yamato_gun_460_x3,0.995,1.04,,,yamato_gun_b_460_x3,0.995,1.04,,45,ussr_gun_406_x3,0.995,1.04,,,,,,,,,,,,
gun_19_x2_alt_russia,,483,gun_19_x2_alt,russia,,,,,,,,,,,,,,,,,,,,,,,,,,,,,,,,,,,,
gun_19_x3_alt_russia,,483,gun_19_x3_alt,russia,,,,,,,,,,,,,,,,,,,,,,,,,,,,,,,,,,,,
gun_20_x2_alt_russia,,508,gun_20_x2_alt,russia,,,,,,,,,,,,,,,,,,,,,,,,,,,,,,,,,,,,
gun_20_x3_alt_russia,,508,gun_20_x3_alt,russia,,,,,,,,,,,,,,,,,,,,,,,,,,,,,,,,,,,,
###,,,###,,,,,,,,,,,,,,,,,,,,,,,,,,,,,,,,,,,,,
gun_2_x1_alt_austria,,51,gun_2_x1_alt,austria,,,,,,,,,,,,,,,,,,,,,,,,,,,,,,,,,,,,
gun_2_x2_alt_austria,,51,gun_2_x2_alt,austria,,,,,,,,,,,,,,,,,,,,,,,,,,,,,,,,,,,,
gun_2_x3_alt_austria,,51,gun_2_x3_alt,austria,,,,,,,,,,,,,,,,,,,,,,,,,,,,,,,,,,,,
gun_2_x4_alt_austria,,51,gun_2_x4_alt,austria,,,,,,,,,,,,,,,,,,,,,,,,,,,,,,,,,,,,
gun_3_x1_alt_austria,,76,gun_3_x1_alt,austria,,,,,,,,,,,,spee_gun_150_x1,0.732,0.858,,,bismarck_gun_105_x1,0.732,0.858,,50,bismarck_gun_105_x1,0.732,0.858,,55,,,,,,,,,,
gun_3_x2_alt_austria,,76,gun_3_x2_alt,austria,,,,,,,,,,,,spee_gun_150_x2,0.732,0.858,,,bismarck_gun_105_x2,0.732,0.858,,50,bismarck_gun_105_x2,0.732,0.858,,55,,,,,,,,,,
gun_3_x3_alt_austria,,76,gun_3_x3_alt,austria,,,,,,,,,,,,spee_gun_150_x3,0.732,0.858,,,bismarck_gun_105_x3,0.732,0.858,,50,bismarck_gun_105_x3,0.732,0.858,,55,,,,,,,,,,
gun_3_x4_alt_austria,,76,gun_3_x4_alt,austria,,,,,,,,,,,,,,,,,,,,,,,,,,,,,,,,,,,,
gun_4_x1_alt_austria,,102,gun_4_x1_alt,austria,,,,,,,vdt_gun_200_x1,0.7632,0.8632,,,spee_gun_150_x1,0.868,0.994,,,bismarck_gun_105_x1,0.868,0.994,,,bismarck_gun_105_x1,0.868,0.994,,,,,,,,,,,,
gun_4_x2_alt_austria,,102,gun_4_x2_alt,austria,,,,,,,vdt_gun_200_x2,0.7632,0.8632,,,spee_gun_150_x2,0.868,0.994,,,bismarck_gun_105_x2,0.868,0.994,,,bismarck_gun_105_x2,0.868,0.994,,,,,,,,,,,,
gun_4_x3_alt_austria,,102,gun_4_x3_alt,austria,,,,,,,,,,,,spee_gun_150_x3,0.868,0.994,,,bismarck_gun_105_x3,0.868,0.994,,,bismarck_gun_105_x3,0.868,0.994,,,,,,,,,,,,
gun_5_x1_alt_austria,,127,gun_5_x1_alt,austria,,,,,,,vdt_gun_200_x1,0.8746,0.9746,,,spee_gun_150_x1,1.004,1.13,,,,,,,,,,,,,,,,,,,,,,
gun_5_x2_alt_austria,,127,gun_5_x2_alt,austria,,,,,,,vdt_gun_200_x2,0.8746,0.9746,,,spee_gun_150_x2,1.004,1.13,,,de_Ruyter_gun_150_x2,0.8005,0.935,,,de_Ruyter_gun_150_x2,0.8005,0.935,,,,,,,,,,,,
gun_5_x3_alt_austria,,127,gun_5_x3_alt,austria,,,,,,,,,,,,spee_gun_150_x3,1.004,1.13,,,de_Ruyter_gun_150_x3,0.8005,0.935,,,de_Ruyter_gun_150_x3,0.8005,0.935,,,,,,,,,,,,
gun_6_x1_alt_austria,,151,gun_6_x1_alt,austria,,,,,,,vdt_gun_200_x1,0.986,1.086,,,,,,,,,,,,,,,,,,,,,,,,,,,
gun_6_x2_alt_austria,,152,gun_6_x2_alt,austria,,friedrich_gun_228_x2,0.643,0.7212,,,vdt_gun_200_x2,0.986,1.086,,,bismarck_gun_b_150_x2,0.955,1.0895,,,de_Ruyter_gun_150_x2,0.955,1.0895,,,de_Ruyter_gun_150_x2,0.955,1.0895,,,,,,,,,,,,
gun_6_x3_alt_austria,,152,gun_6_x3_alt,austria,,friedrich_gun_228_x3,0.643,0.7212,,,,,,,,bismarck_gun_b_150_x3,0.955,1.0895,,,de_Ruyter_gun_150_x3,0.955,1.0895,,,de_Ruyter_gun_150_x3,0.955,1.0895,,,,,,,,,,,,
gun_7_x2_alt_austria,,178,gun_7_x2_alt,austria,,friedrich_gun_228_x2,0.7312,0.8094,,,vdt_gun_200_x2,1.0974,1.1974,,,bismarck_gun_b_150_x2,1.1095,1.244,,,de_Ruyter_gun_150_x2,1.1095,1.244,,,de_Ruyter_gun_150_x2,1.1095,1.244,,,,,,,,,,,,
gun_7_x3_alt_austria,,178,gun_7_x3_alt,austria,,friedrich_gun_228_x3,0.7312,0.8094,,,,,,,,bismarck_gun_b_150_x3,1.1095,1.244,,,de_Ruyter_gun_150_x3,1.1095,1.244,,,de_Ruyter_gun_150_x3,1.1095,1.244,,,,,,,,,,,,
gun_8_x2_alt_austria,,203,gun_8_x2_alt,austria,,friedrich_gun_228_x2,0.8194,0.8976,,,vdt_gun_200_x2,1.2088,1.3088,,,bismarck_gun_b_150_x2,1.264,1.3985,,,de_Ruyter_gun_150_x2,1.264,1.3985,,,de_Ruyter_gun_150_x2,1.264,1.3985,,,,,,,,,,,,
gun_8_x3_alt_austria,,203,gun_8_x3_alt,austria,,friedrich_gun_228_x3,0.8194,0.8976,,,,,,,,bismarck_gun_b_150_x3,1.264,1.3985,,,de_Ruyter_gun_150_x3,1.264,1.3985,,,de_Ruyter_gun_150_x3,1.264,1.3985,,,,,,,,,,,,
gun_9_x2_alt_austria,,229,gun_9_x2_alt,austria,,friedrich_gun_228_x2,0.9076,0.9858,,,dido_gun_cal200_x2,0.987,1.086,,,vdt_gun_280_x2,0.8513,0.9304,,,spee_gun_var_280_x2,0.7589,0.8262,,,spee_gun_var_280_x2,0.7589,0.8262,,,,,,,,,,,,
gun_9_x3_alt_austria,,229,gun_9_x3_alt,austria,,friedrich_gun_228_x3,0.9076,0.9858,,,dido_gun_cal200_x3,0.987,1.086,,,vdt_gun_280_x3,0.8513,0.9304,,,spee_gun_var_280_x3,0.7589,0.8262,,,spee_gun_var_280_x3,0.7589,0.8262,,,,,,,,,,,,
gun_10_x2_alt_austria,,254,gun_10_x2_alt,austria,,brandenburg_gun_279_x2,0.979,1.06,,,dido_gun_cal200_x2,1.096,1.195,,,vdt_gun_280_x2,0.9404,1.0195,,,spee_gun_var_280_x2,0.8362,0.9035,,,spee_gun_var_280_x2,0.8362,0.9035,,,,,,,,,,,,
gun_10_x3_alt_austria,,254,gun_10_x3_alt,austria,,brandenburg_gun_279_x3,0.979,1.06,,,dido_gun_cal200_x3,1.096,1.195,,,vdt_gun_280_x3,0.9404,1.0195,,,spee_gun_var_280_x3,0.8362,0.9035,,,spee_gun_var_280_x3,0.8362,0.9035,,,,,,,,,,,,
gun_11_x2_alt_austria,,279,gun_11_x2_alt,austria,,brandenburg_gun_279_x2,1.07,1.151,,,dido_gun_cal200_x2,1.205,1.304,,,vdt_gun_280_x2,1.0295,1.1086,,,spee_gun_var_280_x2,0.9135,0.9808,,,spee_gun_var_280_x2,0.9135,0.9808,,,,,,,,,,,,
gun_11_x3_alt_austria,,279,gun_11_x3_alt,austria,,brandenburg_gun_279_x3,1.07,1.151,,,dido_gun_cal200_x3,1.205,1.304,,,vdt_gun_280_x3,1.0295,1.1086,,,spee_gun_var_280_x3,0.9135,0.9808,,,spee_gun_var_280_x3,0.9135,0.9808,,,,,,,,,,,,
gun_12_x2_alt_austria,,305,gun_12_x2_alt,austria,,brandenburg_gun_279_x2,1.161,1.242,,,vdt_gun_280_x2,1.1186,1.1977,,,vdt_gun_280_x2,1.1186,1.1977,,,spee_gun_var_280_x2,0.9908,1.0581,,45,spee_gun_var_280_x2,0.9908,1.0581,,,,,,,,,,,,
gun_12_x3_alt_austria,,305,gun_12_x3_alt,austria,,brandenburg_gun_279_x3,1.161,1.242,,,vdt_gun_280_x3,1.1186,1.1977,,,vdt_gun_280_x3,1.1186,1.1977,,,spee_gun_var_280_x3,0.9908,1.0581,,45,spee_gun_var_280_x3,0.9908,1.0581,,,,,,,,,,,,
gun_13_x2_alt_austria,,330,gun_13_x2_alt,austria,,friedrich_gun_305_x2,1.2161,1.2924,,,vdt_gun_280_x2,1.2077,1.2868,,,vdt_gun_280_x2,1.2077,1.2868,,,spee_gun_var_280_x2,1.0681,1.1354,,45,spee_gun_var_280_x2,1.0681,1.1354,,,,,,,,,,,,
gun_13_x3_alt_austria,,330,gun_13_x3_alt,austria,,friedrich_gun_305_x3,1.2161,1.2924,,,vdt_gun_280_x3,1.2077,1.2868,,,vdt_gun_280_x3,1.2077,1.2868,,,spee_gun_var_280_x3,1.0681,1.1354,,45,spee_gun_var_280_x3,1.0681,1.1354,,,,,,,,,,,,
gun_14_x2_alt_austria,,356,gun_14_x2_alt,austria,,friedrich_gun_305_x2,1.3024,1.3787,,,vdt_gun_280_x2,1.2968,1.3759,,,vdt_gun_280_x2,1.2968,1.3759,,,spee_gun_var_280_x2,1.1454,1.2127,,45,spee_gun_var_280_x2,1.1454,1.2127,,,,,,,,,,,,
gun_14_x3_alt_austria,,356,gun_14_x3_alt,austria,,friedrich_gun_305_x3,1.3024,1.3787,,,vdt_gun_280_x3,1.2968,1.3759,,,vdt_gun_280_x3,1.2968,1.3759,,,spee_gun_var_280_x3,1.1454,1.2127,,45,spee_gun_var_280_x3,1.1454,1.2127,,,,,,,,,,,,
gun_15_x2_alt_austria,,381,gun_15_x2_alt,austria,,friedrich_gun_305_x2,1.3887,1.465,,,vdt_gun_280_x2,1.3859,1.465,,,vdt_gun_280_x2,1.3859,1.465,,,spee_gun_var_280_x2,1.2227,1.29,,45,spee_gun_var_280_x2,1.2227,1.29,,,,,,,,,,,,
gun_15_x3_alt_austria,,381,gun_15_x3_alt,austria,,friedrich_gun_305_x3,1.3887,1.465,,,vdt_gun_280_x3,1.3859,1.465,,,vdt_gun_280_x3,1.3859,1.465,,,spee_gun_var_280_x3,1.2227,1.29,,45,spee_gun_var_280_x3,1.2227,1.29,,,,,,,,,,,,
gun_16_x2_alt_austria,,406,gun_16_x2_alt,austria,,friedrich_gun_305_x2,1.475,1.5513,,,vdt_gun_280_x2,1.475,1.5541,,,vdt_gun_280_x2,1.475,1.5541,,,spee_gun_var_280_x2,1.3,1.3673,,45,spee_gun_var_280_x2,1.3,1.3673,,,,,,,,,,,,
gun_16_x3_alt_austria,,406,gun_16_x3_alt,austria,,friedrich_gun_305_x3,1.475,1.5513,,,vdt_gun_280_x3,1.475,1.5541,,,vdt_gun_280_x3,1.475,1.5541,,,spee_gun_var_280_x3,1.3,1.3673,,45,spee_gun_var_280_x3,1.3,1.3673,,,,,,,,,,,,
gun_17_x2_alt_austria,,432,gun_17_x2_alt,austria,,vdt_gun_280_x2,1.5641,1.6432,,,spee_gun_var_280_x2,1.3773,1.4446,,,spee_gun_var_280_x2,1.3773,1.4446,,,spee_gun_var_280_x2,1.3773,1.4446,,45,spee_gun_var_280_x2,1.3773,1.4446,,,,,,,,,,,,
gun_17_x3_alt_austria,,432,gun_17_x3_alt,austria,,vdt_gun_280_x3,1.5641,1.6432,,,spee_gun_var_280_x3,1.3773,1.4446,,,spee_gun_var_280_x3,1.3773,1.4446,,,spee_gun_var_280_x3,1.3773,1.4446,,45,spee_gun_var_280_x3,1.3773,1.4446,,,,,,,,,,,,
gun_18_x2_alt_austria,,457,gun_18_x2_alt,austria,,vdt_gun_280_x2,1.6532,1.7323,,,spee_gun_var_280_x2,1.4546,1.5219,,,spee_gun_var_280_x2,1.4546,1.5219,,,spee_gun_var_280_x2,1.4546,1.5219,,45,spee_gun_var_280_x2,1.4546,1.5219,,,,,,,,,,,,
gun_18_x3_alt_austria,,457,gun_18_x3_alt,austria,,vdt_gun_280_x3,1.6532,1.7323,,,spee_gun_var_280_x3,1.4546,1.5219,,,spee_gun_var_280_x3,1.4546,1.5219,,,spee_gun_var_280_x3,1.4546,1.5219,,45,spee_gun_var_280_x3,1.4546,1.5219,,,,,,,,,,,,
gun_19_x2_alt_austria,,483,gun_19_x2_alt,austria,,,,,,,,,,,,,,,,,,,,,,,,,,,,,,,,,,,,
gun_19_x3_alt_austria,,483,gun_19_x3_alt,austria,,,,,,,,,,,,,,,,,,,,,,,,,,,,,,,,,,,,
gun_20_x2_alt_austria,,508,gun_20_x2_alt,austria,,,,,,,,,,,,,,,,,,,,,,,,,,,,,,,,,,,,
gun_20_x3_alt_austria,,508,gun_20_x3_alt,austria,,,,,,,,,,,,,,,,,,,,,,,,,,,,,,,,,,,,
###,,,###,,,,,,,,,,,,,,,,,,,,,,,,,,,,,,,,,,,,,
gun_2_x1_alt_china,,51,gun_2_x1_alt,china,,,,,,,,,,,,,,,,,,,,,,,,,,,,,,,,,,,,
gun_2_x2_alt_china,,51,gun_2_x2_alt,china,,,,,,,,,,,,,,,,,,,,,,,,,,,,,,,,,,,,
gun_2_x3_alt_china,,51,gun_2_x3_alt,china,,,,,,,,,,,,,,,,,,,,,,,,,,,,,,,,,,,,
gun_2_x4_alt_china,,51,gun_2_x4_alt,china,,,,,,,,,,,,,,,,,,,,,,,,,,,,,,,,,,,,
gun_3_x1_alt_china,,76,gun_3_x1_alt,china,,,,,,,,,,,,,,,,,,,,,50,,,,,55,,,,,,,,,,
gun_3_x2_alt_china,,76,gun_3_x2_alt,china,,maine_gun_152_x2,0.718,0.912,,,pen_gun_127_x2,0.815,1.04,,,dreadnought_gun_178_x2,0.732,0.858,,,ussr_gun_100_x2,0.4915,0.626,,50,ussr_gun_152_x2,0.4915,0.626,,55,,,,,,,,,,
gun_3_x3_alt_china,,76,gun_3_x3_alt,china,,maine_gun_152_x3,0.718,0.912,,,pen_gun_127_x3,0.815,1.04,,,dreadnought_gun_178_x3,0.732,0.858,,,ussr_gun_100_x3,0.4915,0.626,,50,ussr_gun_152_x3,0.4915,0.626,,55,,,,,,,,,,
gun_3_x4_alt_china,,76,gun_3_x4_alt,china,,,,,,,,,,,,,,,,,,,,,,,,,,,,,,,,,,,,
gun_4_x1_alt_china,,102,gun_4_x1_alt,china,,,,,,,,,,,,,,,,,,,,,,,,,,,,,,,,,,,,
gun_4_x2_alt_china,,102,gun_4_x2_alt,china,,maine_gun_152_x2,0.932,1.126,,,pen_gun_127_x2,1.06,1.285,,,dreadnought_gun_178_x2,0.868,0.994,,,ussr_gun_100_x2,0.646,0.7805,,,ussr_gun_152_x2,0.646,0.7805,,,,,,,,,,,,
gun_4_x3_alt_china,,102,gun_4_x3_alt,china,,maine_gun_152_x3,0.932,1.126,,,pen_gun_127_x3,1.06,1.285,,,dreadnought_gun_178_x3,0.868,0.994,,,ussr_gun_100_x3,0.646,0.7805,,,ussr_gun_152_x3,0.646,0.7805,,,,,,,,,,,,
gun_5_x1_alt_china,,127,gun_5_x1_alt,china,,,,,,,,,,,,,,,,,ussr_gun_100_x1,0.8005,0.935,,,ussr_gun_152_x1,0.8005,0.935,,,,,,,,,,,,
gun_5_x2_alt_china,,127,gun_5_x2_alt,china,,maine_gun_152_x2,1.146,1.34,,,maine_gun_230_x2,0.868,0.994,,,dreadnought_gun_178_x2,1.004,1.13,,,ussr_gun_100_x2,0.8005,0.935,,,ussr_gun_152_x2,0.8005,0.935,,,,,,,,,,,,
gun_5_x3_alt_china,,127,gun_5_x3_alt,china,,maine_gun_152_x3,1.146,1.34,,,maine_gun_230_x3,0.868,0.994,,,dreadnought_gun_178_x3,1.004,1.13,,,ussr_gun_100_x3,0.8005,0.935,,,ussr_gun_152_x3,0.8005,0.935,,,,,,,,,,,,
gun_6_x1_alt_china,,151,gun_6_x1_alt,china,,,,,,,,,,,,,,,,,,,,,,,,,,,,,,,,,,,,
gun_6_x2_alt_china,,152,gun_6_x2_alt,china,,maine_gun_254_x2_a,0.65,0.745,,,maine_gun_230_x2,1.004,1.13,,,dreadnought_gun_178_x2,1.14,1.266,,,dreadnought_gun_178_x2,1.14,1.266,,,ussr_gun_152_x2,0.955,1.0895,,,,,,,,,,,,
gun_6_x3_alt_china,,152,gun_6_x3_alt,china,,maine_gun_254_x3_a,0.65,0.745,,,maine_gun_230_x3,1.004,1.13,,,dreadnought_gun_178_x3,1.14,1.266,,,dreadnought_gun_178_x3,1.14,1.266,,,ussr_gun_152_x3,0.955,1.0895,,,,,,,,,,,,
gun_7_x2_alt_china,,178,gun_7_x2_alt,china,,maine_gun_254_x2_a,0.755,0.85,,,maine_gun_254_x2_b,0.793,0.906,,,brooklyn_gun_152_x2,0.857,0.974,,,brooklyn_gun_152_x2,0.857,0.974,,,brooklyn_gun_b_152_x2,0.857,0.974,,,,,,,,,,,,
gun_7_x3_alt_china,,178,gun_7_x3_alt,china,,maine_gun_254_x3_a,0.755,0.85,,,maine_gun_254_x3_b,0.793,0.906,,,brooklyn_gun_152_x3,0.857,0.974,,,brooklyn_gun_152_x3,0.857,0.974,,,brooklyn_gun_b_152_x3,0.857,0.974,,,,,,,,,,,,
gun_8_x2_alt_china,,203,gun_8_x2_alt,china,,maine_gun_254_x2_a,0.86,0.955,,,maine_gun_254_x2_b,0.916,1.029,,,brooklyn_gun_152_x2,0.984,1.101,,,brooklyn_gun_152_x2,0.984,1.101,,,brooklyn_gun_b_152_x2,0.984,1.101,,,,,,,,,,,,
gun_8_x3_alt_china,,203,gun_8_x3_alt,china,,maine_gun_254_x3_a,0.86,0.955,,,maine_gun_254_x3_b,0.916,1.029,,,brooklyn_gun_152_x3,0.984,1.101,,,brooklyn_gun_152_x3,0.984,1.101,,,brooklyn_gun_b_152_x3,0.984,1.101,,,,,,,,,,,,
gun_9_x2_alt_china,,229,gun_9_x2_alt,china,,maine_gun_254_x2_a,0.965,1.06,,,maine_gun_254_x2_b,1.039,1.152,,,dreadnought_gun_b_305_x2,0.863,0.944,,,brooklyn_gun_152_x2,1.111,1.228,,,brooklyn_gun_b_152_x2,1.111,1.228,,,,,,,,,,,,
gun_9_x3_alt_china,,229,gun_9_x3_alt,china,,maine_gun_254_x3_a,0.965,1.06,,,maine_gun_254_x3_b,1.039,1.152,,,dreadnought_gun_b_305_x3,0.863,0.944,,,brooklyn_gun_152_x3,1.111,1.228,,,brooklyn_gun_b_152_x3,1.111,1.228,,,,,,,,,,,,
gun_10_x2_alt_china,,254,gun_10_x2_alt,china,,maine_gun_254_x2_a,1.07,1.165,,,maine_gun_254_x2_b,1.162,1.275,,,dreadnought_gun_b_305_x2,0.954,1.035,,,brooklyn_gun_152_x2,1.238,1.355,,,brooklyn_gun_b_152_x2,1.238,1.355,,,,,,,,,,,,
gun_10_x3_alt_china,,254,gun_10_x3_alt,china,,maine_gun_254_x3_a,1.07,1.165,,,maine_gun_254_x3_b,1.162,1.275,,,dreadnought_gun_b_305_x3,0.954,1.035,,,brooklyn_gun_152_x3,1.238,1.355,,,brooklyn_gun_b_152_x3,1.238,1.355,,,,,,,,,,,,
gun_11_x2_alt_china,,279,gun_11_x2_alt,china,,maine_gun_254_x2_a,1.175,1.27,,,maine_gun_254_x2_b,1.285,1.398,,,dreadnought_gun_b_305_x2,1.045,1.126,,,ussr_gun_406_x2,0.645,0.69,,,ussr_gun_406_x2,0.645,0.69,,,,,,,,,,,,
gun_11_x3_alt_china,,279,gun_11_x3_alt,china,,maine_gun_254_x3_a,1.175,1.27,,,maine_gun_254_x3_b,1.285,1.398,,,dreadnought_gun_b_305_x3,1.045,1.126,,,ussr_gun_406_x3,0.645,0.69,,,ussr_gun_406_x3,0.645,0.69,,,,,,,,,,,,
gun_12_x2_alt_china,,305,gun_12_x2_alt,china,,maine_gun_254_x2_a,1.28,1.375,,,maine_gun_254_x2_b,1.408,1.521,,,dreadnought_gun_b_305_x2,1.136,1.217,,,ussr_gun_406_x2,0.695,0.74,,45,ussr_gun_406_x2,0.695,0.74,,,,,,,,,,,,
gun_12_x3_alt_china,,305,gun_12_x3_alt,china,,maine_gun_254_x3_a,1.28,1.375,,,maine_gun_254_x3_b,1.408,1.521,,,dreadnought_gun_b_305_x3,1.136,1.217,,,ussr_gun_406_x3,0.695,0.74,,45,ussr_gun_406_x3,0.695,0.74,,,,,,,,,,,,
gun_13_x2_alt_china,,330,gun_13_x2_alt,china,,maine_gun_254_x2_a,1.385,1.48,,,ny_gun_210_x2,2.0365,2.171,,,dreadnought_gun_b_305_x2,1.227,1.308,,,ussr_gun_406_x2,0.745,0.79,,45,ussr_gun_406_x2,0.745,0.79,,,,,,,,,,,,
gun_13_x3_alt_china,,330,gun_13_x3_alt,china,,maine_gun_254_x3_a,1.385,1.48,,,ny_gun_210_x3,2.0365,2.171,,,dreadnought_gun_b_305_x3,1.227,1.308,,,ussr_gun_406_x3,0.745,0.79,,45,ussr_gun_406_x3,0.745,0.79,,,,,,,,,,,,
gun_14_x2_alt_china,,356,gun_14_x2_alt,china,,maine_gun_254_x2_a,1.49,1.585,,,ny_gun_210_x2,2.191,2.3255,,,dreadnought_gun_b_305_x2,1.318,1.399,,,ussr_gun_406_x2,0.795,0.84,,45,ussr_gun_406_x2,0.795,0.84,,,,,,,,,,,,
gun_14_x3_alt_china,,356,gun_14_x3_alt,china,,maine_gun_254_x3_a,1.49,1.585,,,ny_gun_210_x3,2.191,2.3255,,,dreadnought_gun_b_305_x3,1.318,1.399,,,ussr_gun_406_x3,0.795,0.84,,45,ussr_gun_406_x3,0.795,0.84,,,,,,,,,,,,
gun_15_x2_alt_china,,381,gun_15_x2_alt,china,,maine_gun_254_x2_a,1.595,1.69,,,ny_gun_210_x2,2.3455,2.48,,,ny_gun_356_x2,1.409,1.49,,,ussr_gun_406_x2,0.845,0.89,,45,ussr_gun_406_x2,0.845,0.89,,,,,,,,,,,,
gun_15_x3_alt_china,,381,gun_15_x3_alt,china,,maine_gun_254_x3_a,1.595,1.69,,,ny_gun_210_x3,2.3455,2.48,,,ny_gun_356_x3,1.409,1.49,,,ussr_gun_406_x3,0.845,0.89,,45,ussr_gun_406_x3,0.845,0.89,,,,,,,,,,,,
gun_16_x2_alt_china,,406,gun_16_x2_alt,china,,maine_gun_254_x2_a,1.7,1.795,,,ny_gun_210_x2,2.5,2.6345,,,ny_gun_356_x2,1.5,1.581,,,ussr_gun_406_x2,0.895,0.94,,45,ussr_gun_406_x2,0.895,0.94,,,,,,,,,,,,
gun_16_x3_alt_china,,406,gun_16_x3_alt,china,,maine_gun_254_x3_a,1.7,1.795,,,ny_gun_210_x3,2.5,2.6345,,,ny_gun_356_x3,1.5,1.581,,,ussr_gun_406_x3,0.895,0.94,,45,ussr_gun_406_x3,0.895,0.94,,,,,,,,,,,,
gun_17_x2_alt_china,,432,gun_17_x2_alt,china,,ny_gun_210_x2,2.6545,2.789,,,ny_gun_356_x2,1.591,1.672,,,yamato_gun_460_x2,0.945,0.99,,,yamato_gun_b_460_x2,0.945,0.99,,45,yamato_gun_b_460_x2,0.945,0.99,,,,,,,,,,,,
gun_17_x3_alt_china,,432,gun_17_x3_alt,china,,ny_gun_210_x3,2.6545,2.789,,,ny_gun_356_x3,1.591,1.672,,,yamato_gun_460_x3,0.945,0.99,,,yamato_gun_b_460_x3,0.945,0.99,,45,yamato_gun_b_460_x3,0.945,0.99,,,,,,,,,,,,
gun_18_x2_alt_china,,457,gun_18_x2_alt,china,,ny_gun_210_x2,2.809,2.9435,,,ny_gun_356_x2,1.682,1.763,,,yamato_gun_460_x2,0.995,1.04,,,yamato_gun_b_460_x2,0.995,1.04,,45,yamato_gun_b_460_x2,0.995,1.04,,,,,,,,,,,,
gun_18_x3_alt_china,,457,gun_18_x3_alt,china,,ny_gun_210_x3,2.809,2.9435,,,ny_gun_356_x3,1.682,1.763,,,yamato_gun_460_x3,0.995,1.04,,,yamato_gun_b_460_x3,0.995,1.04,,45,yamato_gun_b_460_x3,0.995,1.04,,,,,,,,,,,,
gun_19_x2_alt_china,,483,gun_19_x2_alt,china,,,,,,,,,,,,,,,,,,,,,,,,,,,,,,,,,,,,
gun_19_x3_alt_china,,483,gun_19_x3_alt,china,,,,,,,,,,,,,,,,,,,,,,,,,,,,,,,,,,,,
gun_20_x2_alt_china,,508,gun_20_x2_alt,china,,,,,,,,,,,,,,,,,,,,,,,,,,,,,,,,,,,,
gun_20_x3_alt_china,,508,gun_20_x3_alt,china,,,,,,,,,,,,,,,,,,,,,,,,,,,,,,,,,,,,
###,,,###,,,,,,,,,,,,,,,,,,,,,,,,,,,,,,,,,,,,,
